colour	x	xend	y	yend	showSelected1	PANEL
#FFCFBE	-0.0495373898479245	0.0324135360493799	1	1	District.Leadership.Team.Members	1
#FF0000	-0.0495373898479245	0.0324135360493799	1	1	District.Contact.Person	1
#EBDCFF	-0.0495373898479245	0.0324135360493799	1	1	Building.Leadership.Team.Members	1
#FFF4EF	-0.0495373898479245	0.0324135360493799	1	1	Other.District.Administrators	1
#E3D0FF	-0.0495373898479245	0.0324135360493799	1	1	Other.Building.Administrators	1
#E6D4FF	-0.0495373898479245	0.0324135360493799	1	1	Building.level.Educators	1
#FFFEFE	-0.0495373898479245	0.0324135360493799	1	1	RPDC.Director	1
#FFF4F0	-0.0495373898479245	0.0324135360493799	1	1	Area.Supervisor	1
#F6EEFF	-0.0495373898479245	0.0324135360493799	1	1	Parents	1
#EFE4FF	-0.0495373898479245	0.0324135360493799	1	1	Collaborative.teams	1
#ECDEFF	-0.0495373898479245	0.0324135360493799	1	1	Common.formative.assessment	1
#F4ECFF	-0.0495373898479245	0.0324135360493799	1	1	Data.based.decision.making	1
#F6EEFF	-0.0495373898479245	0.0324135360493799	1	1	Effective.teaching.learning.practices	1
#FFFAF9	-0.0495373898479245	0.0324135360493799	1	1	Instructional.Leadership	1
#FFFAF8	-0.0495373898479245	0.0324135360493799	1	1	School.based.implementation.coaching	1
#FFF5F2	-0.0495373898479245	0.0324135360493799	1	1	Collective.teacher.efficacy	1
#FFBBA5	-0.0495373898479245	0.0324135360493799	1	1	MMD.DCI.expectations.logistics.DESE.specifics	1
#FFD7C9	-0.0495373898479245	0.0324135360493799	1	1	Alignment.and.systems.planning	1
#FFE1D6	-0.0495373898479245	0.0324135360493799	1	1	Practice.profiles	1
#FFD2C3	-0.0495373898479245	0.0324135360493799	1	1	Self.assessment.practice.profile..SAPP.	1
#FFF6F2	-0.0495373898479245	0.0324135360493799	1	1	Learning.module.materials..i.e..power.points..handouts.	1
#FFC9B6	-0.0495373898479245	0.0324135360493799	1	1	DESE.virtual.learning.platform	1
#F0E5FF	-0.0495373898479245	0.0324135360493799	1	1	Review.of.CFA.data	1
#FFBBA5	-0.0495373898479245	0.0324135360493799	1	1	CWIS	1
#FFECE6	-0.0495373898479245	0.0324135360493799	1	1	Distance.Learning	1
#FFFFFF	-0.0495373898479245	0.0324135360493799	1	1	Virtual.Learning.Modules.and.or.PowerPoints	1
#FFE6DC	-0.0495373898479245	0.0324135360493799	1	1	Leadership.for.Effective.Implementation.of.District.Wide.Evidenced.Based.Practices	1
#E1CCFF	-0.0495373898479245	0.0324135360493799	1	1	Interaction.Type_Virtual	1
#C7A5FF	-0.0495373898479245	0.0324135360493799	1	1	Interaction.Type_In-person	1
#F3EAFF	-0.0495373898479245	0.0324135360493799	1	1	Interaction.Type_In-person and virtual	1
#EADBFF	-0.0495373898479245	0.0324135360493799	1	1	Interaction.Type_Phone	1
#E7D6FF	-0.0495373898479245	0.0324135360493799	1	1	Interaction.Type_Unknown	1
#FFFDFD	-0.0495373898479245	0.0324135360493799	2	2	District.Leadership.Team.Members	1
#FFFAF9	-0.0495373898479245	0.0324135360493799	2	2	District.Contact.Person	1
#FFFEFD	-0.0495373898479245	0.0324135360493799	2	2	Building.Leadership.Team.Members	1
#FFFEFD	-0.0495373898479245	0.0324135360493799	2	2	Other.District.Administrators	1
#FCF9FF	-0.0495373898479245	0.0324135360493799	2	2	Other.Building.Administrators	1
#ECDEFF	-0.0495373898479245	0.0324135360493799	2	2	Building.level.Educators	1
#FFEDE6	-0.0495373898479245	0.0324135360493799	2	2	RPDC.Director	1
#FFF3EF	-0.0495373898479245	0.0324135360493799	2	2	Area.Supervisor	1
#FFF0EB	-0.0495373898479245	0.0324135360493799	2	2	Parents	1
#FFDDD1	-0.0495373898479245	0.0324135360493799	2	2	Collaborative.teams	1
#FFF8F5	-0.0495373898479245	0.0324135360493799	2	2	Common.formative.assessment	1
#FFD9CB	-0.0495373898479245	0.0324135360493799	2	2	Data.based.decision.making	1
#FCF9FF	-0.0495373898479245	0.0324135360493799	2	2	Effective.teaching.learning.practices	1
#FF0000	-0.0495373898479245	0.0324135360493799	2	2	Instructional.Leadership	1
#FFD2C2	-0.0495373898479245	0.0324135360493799	2	2	School.based.implementation.coaching	1
#FFEBE3	-0.0495373898479245	0.0324135360493799	2	2	Collective.teacher.efficacy	1
#FFEEE7	-0.0495373898479245	0.0324135360493799	2	2	MMD.DCI.expectations.logistics.DESE.specifics	1
#FFCCBA	-0.0495373898479245	0.0324135360493799	2	2	Alignment.and.systems.planning	1
#FFF2ED	-0.0495373898479245	0.0324135360493799	2	2	Practice.profiles	1
#FEFDFF	-0.0495373898479245	0.0324135360493799	2	2	Self.assessment.practice.profile..SAPP.	1
#FFE9E1	-0.0495373898479245	0.0324135360493799	2	2	Learning.module.materials..i.e..power.points..handouts.	1
#FFE9E1	-0.0495373898479245	0.0324135360493799	2	2	DESE.virtual.learning.platform	1
#FFF3EF	-0.0495373898479245	0.0324135360493799	2	2	Review.of.CFA.data	1
#FFF3EE	-0.0495373898479245	0.0324135360493799	2	2	CWIS	1
#FDFBFF	-0.0495373898479245	0.0324135360493799	2	2	Distance.Learning	1
#FEFCFF	-0.0495373898479245	0.0324135360493799	2	2	Virtual.Learning.Modules.and.or.PowerPoints	1
#FFCBB9	-0.0495373898479245	0.0324135360493799	2	2	Leadership.for.Effective.Implementation.of.District.Wide.Evidenced.Based.Practices	1
#FEFEFF	-0.0495373898479245	0.0324135360493799	2	2	Interaction.Type_Virtual	1
#FFF2ED	-0.0495373898479245	0.0324135360493799	2	2	Interaction.Type_In-person	1
#FCF9FF	-0.0495373898479245	0.0324135360493799	2	2	Interaction.Type_In-person and virtual	1
#FFF1EC	-0.0495373898479245	0.0324135360493799	2	2	Interaction.Type_Phone	1
#FDFCFF	-0.0495373898479245	0.0324135360493799	2	2	Interaction.Type_Unknown	1
#E3D0FF	-0.0495373898479245	0.0324135360493799	3	3	District.Leadership.Team.Members	1
#EADBFF	-0.0495373898479245	0.0324135360493799	3	3	District.Contact.Person	1
#FCFAFF	-0.0495373898479245	0.0324135360493799	3	3	Building.Leadership.Team.Members	1
#FFFCFB	-0.0495373898479245	0.0324135360493799	3	3	Other.District.Administrators	1
#FEFDFF	-0.0495373898479245	0.0324135360493799	3	3	Other.Building.Administrators	1
#F6EFFF	-0.0495373898479245	0.0324135360493799	3	3	Building.level.Educators	1
#FFFEFD	-0.0495373898479245	0.0324135360493799	3	3	RPDC.Director	1
#FEFDFF	-0.0495373898479245	0.0324135360493799	3	3	Area.Supervisor	1
#F9F4FF	-0.0495373898479245	0.0324135360493799	3	3	Parents	1
#FFFAF8	-0.0495373898479245	0.0324135360493799	3	3	Collaborative.teams	1
#FFFDFC	-0.0495373898479245	0.0324135360493799	3	3	Common.formative.assessment	1
#FFFEFD	-0.0495373898479245	0.0324135360493799	3	3	Data.based.decision.making	1
#FBF8FF	-0.0495373898479245	0.0324135360493799	3	3	Effective.teaching.learning.practices	1
#FFF1EC	-0.0495373898479245	0.0324135360493799	3	3	Instructional.Leadership	1
#FFFEFF	-0.0495373898479245	0.0324135360493799	3	3	School.based.implementation.coaching	1
#F8F3FF	-0.0495373898479245	0.0324135360493799	3	3	Collective.teacher.efficacy	1
#EDE0FF	-0.0495373898479245	0.0324135360493799	3	3	MMD.DCI.expectations.logistics.DESE.specifics	1
#FBF8FF	-0.0495373898479245	0.0324135360493799	3	3	Alignment.and.systems.planning	1
#ECDEFF	-0.0495373898479245	0.0324135360493799	3	3	Practice.profiles	1
#E8D8FF	-0.0495373898479245	0.0324135360493799	3	3	Self.assessment.practice.profile..SAPP.	1
#F9F4FF	-0.0495373898479245	0.0324135360493799	3	3	Learning.module.materials..i.e..power.points..handouts.	1
#F5EDFF	-0.0495373898479245	0.0324135360493799	3	3	DESE.virtual.learning.platform	1
#FFFDFC	-0.0495373898479245	0.0324135360493799	3	3	Review.of.CFA.data	1
#E8D7FF	-0.0495373898479245	0.0324135360493799	3	3	CWIS	1
#FFFCFB	-0.0495373898479245	0.0324135360493799	3	3	Distance.Learning	1
#FBF7FF	-0.0495373898479245	0.0324135360493799	3	3	Virtual.Learning.Modules.and.or.PowerPoints	1
#F8F3FF	-0.0495373898479245	0.0324135360493799	3	3	Leadership.for.Effective.Implementation.of.District.Wide.Evidenced.Based.Practices	1
#FFEEE8	-0.0495373898479245	0.0324135360493799	3	3	Interaction.Type_Virtual	1
#FFD5C6	-0.0495373898479245	0.0324135360493799	3	3	Interaction.Type_In-person	1
#FFDBCE	-0.0495373898479245	0.0324135360493799	3	3	Interaction.Type_In-person and virtual	1
#FF0000	-0.0495373898479245	0.0324135360493799	3	3	Interaction.Type_Phone	1
#FFF1EC	-0.0495373898479245	0.0324135360493799	3	3	Interaction.Type_Unknown	1
#EDDFFF	-0.0495373898479245	0.0324135360493799	4	4	District.Leadership.Team.Members	1
#E1CCFF	-0.0495373898479245	0.0324135360493799	4	4	District.Contact.Person	1
#FFF1EC	-0.0495373898479245	0.0324135360493799	4	4	Building.Leadership.Team.Members	1
#F4ECFF	-0.0495373898479245	0.0324135360493799	4	4	Other.District.Administrators	1
#FFFAF8	-0.0495373898479245	0.0324135360493799	4	4	Other.Building.Administrators	1
#FFF0EB	-0.0495373898479245	0.0324135360493799	4	4	Building.level.Educators	1
#F5EEFF	-0.0495373898479245	0.0324135360493799	4	4	RPDC.Director	1
#FEFEFF	-0.0495373898479245	0.0324135360493799	4	4	Area.Supervisor	1
#FDFCFF	-0.0495373898479245	0.0324135360493799	4	4	Parents	1
#FEFDFF	-0.0495373898479245	0.0324135360493799	4	4	Collaborative.teams	1
#FFE9E1	-0.0495373898479245	0.0324135360493799	4	4	Common.formative.assessment	1
#FFF8F5	-0.0495373898479245	0.0324135360493799	4	4	Data.based.decision.making	1
#FFFEFE	-0.0495373898479245	0.0324135360493799	4	4	Effective.teaching.learning.practices	1
#FEFEFF	-0.0495373898479245	0.0324135360493799	4	4	Instructional.Leadership	1
#F6EEFF	-0.0495373898479245	0.0324135360493799	4	4	School.based.implementation.coaching	1
#FFFEFF	-0.0495373898479245	0.0324135360493799	4	4	Collective.teacher.efficacy	1
#E9D9FF	-0.0495373898479245	0.0324135360493799	4	4	MMD.DCI.expectations.logistics.DESE.specifics	1
#F0E4FF	-0.0495373898479245	0.0324135360493799	4	4	Alignment.and.systems.planning	1
#EDE0FF	-0.0495373898479245	0.0324135360493799	4	4	Practice.profiles	1
#EEE1FF	-0.0495373898479245	0.0324135360493799	4	4	Self.assessment.practice.profile..SAPP.	1
#F9F4FF	-0.0495373898479245	0.0324135360493799	4	4	Learning.module.materials..i.e..power.points..handouts.	1
#EEE1FF	-0.0495373898479245	0.0324135360493799	4	4	DESE.virtual.learning.platform	1
#FFF5F1	-0.0495373898479245	0.0324135360493799	4	4	Review.of.CFA.data	1
#EADAFF	-0.0495373898479245	0.0324135360493799	4	4	CWIS	1
#FFFEFD	-0.0495373898479245	0.0324135360493799	4	4	Distance.Learning	1
#FFF5F2	-0.0495373898479245	0.0324135360493799	4	4	Virtual.Learning.Modules.and.or.PowerPoints	1
#FFFAF8	-0.0495373898479245	0.0324135360493799	4	4	Leadership.for.Effective.Implementation.of.District.Wide.Evidenced.Based.Practices	1
#FF0000	-0.0495373898479245	0.0324135360493799	4	4	Interaction.Type_Virtual	1
#FFEFE9	-0.0495373898479245	0.0324135360493799	4	4	Interaction.Type_In-person	1
#FFE9E1	-0.0495373898479245	0.0324135360493799	4	4	Interaction.Type_In-person and virtual	1
#FFEEE8	-0.0495373898479245	0.0324135360493799	4	4	Interaction.Type_Phone	1
#FDFBFF	-0.0495373898479245	0.0324135360493799	4	4	Interaction.Type_Unknown	1
#FFF7F4	-0.0495373898479245	0.0324135360493799	5	5	District.Leadership.Team.Members	1
#FFE6DC	-0.0495373898479245	0.0324135360493799	5	5	District.Contact.Person	1
#F8F2FF	-0.0495373898479245	0.0324135360493799	5	5	Building.Leadership.Team.Members	1
#F3EBFF	-0.0495373898479245	0.0324135360493799	5	5	Other.District.Administrators	1
#F7F1FF	-0.0495373898479245	0.0324135360493799	5	5	Other.Building.Administrators	1
#F1E7FF	-0.0495373898479245	0.0324135360493799	5	5	Building.level.Educators	1
#FFEFE9	-0.0495373898479245	0.0324135360493799	5	5	RPDC.Director	1
#FAF6FF	-0.0495373898479245	0.0324135360493799	5	5	Area.Supervisor	1
#FDFBFF	-0.0495373898479245	0.0324135360493799	5	5	Parents	1
#FBF8FF	-0.0495373898479245	0.0324135360493799	5	5	Collaborative.teams	1
#FCFAFF	-0.0495373898479245	0.0324135360493799	5	5	Common.formative.assessment	1
#FBF8FF	-0.0495373898479245	0.0324135360493799	5	5	Data.based.decision.making	1
#F4ECFF	-0.0495373898479245	0.0324135360493799	5	5	Effective.teaching.learning.practices	1
#FFCBB9	-0.0495373898479245	0.0324135360493799	5	5	Instructional.Leadership	1
#FCF9FF	-0.0495373898479245	0.0324135360493799	5	5	School.based.implementation.coaching	1
#FEFEFF	-0.0495373898479245	0.0324135360493799	5	5	Collective.teacher.efficacy	1
#FFF5F2	-0.0495373898479245	0.0324135360493799	5	5	MMD.DCI.expectations.logistics.DESE.specifics	1
#FFE5DB	-0.0495373898479245	0.0324135360493799	5	5	Alignment.and.systems.planning	1
#FFFEFE	-0.0495373898479245	0.0324135360493799	5	5	Practice.profiles	1
#F2E8FF	-0.0495373898479245	0.0324135360493799	5	5	Self.assessment.practice.profile..SAPP.	1
#FFE9E1	-0.0495373898479245	0.0324135360493799	5	5	Learning.module.materials..i.e..power.points..handouts.	1
#FFFEFD	-0.0495373898479245	0.0324135360493799	5	5	DESE.virtual.learning.platform	1
#FFF0EA	-0.0495373898479245	0.0324135360493799	5	5	Review.of.CFA.data	1
#FEFDFF	-0.0495373898479245	0.0324135360493799	5	5	CWIS	1
#FFFDFC	-0.0495373898479245	0.0324135360493799	5	5	Distance.Learning	1
#FFD1C1	-0.0495373898479245	0.0324135360493799	5	5	Virtual.Learning.Modules.and.or.PowerPoints	1
#FF0000	-0.0495373898479245	0.0324135360493799	5	5	Leadership.for.Effective.Implementation.of.District.Wide.Evidenced.Based.Practices	1
#FFFAF8	-0.0495373898479245	0.0324135360493799	5	5	Interaction.Type_Virtual	1
#F3EAFF	-0.0495373898479245	0.0324135360493799	5	5	Interaction.Type_In-person	1
#FFFCFB	-0.0495373898479245	0.0324135360493799	5	5	Interaction.Type_In-person and virtual	1
#F8F3FF	-0.0495373898479245	0.0324135360493799	5	5	Interaction.Type_Phone	1
#FDFBFF	-0.0495373898479245	0.0324135360493799	5	5	Interaction.Type_Unknown	1
#FFF3EF	-0.0495373898479245	0.0324135360493799	6	6	District.Leadership.Team.Members	1
#E3D0FF	-0.0495373898479245	0.0324135360493799	6	6	District.Contact.Person	1
#FFCAB8	-0.0495373898479245	0.0324135360493799	6	6	Building.Leadership.Team.Members	1
#FFDFD3	-0.0495373898479245	0.0324135360493799	6	6	Other.District.Administrators	1
#FF0000	-0.0495373898479245	0.0324135360493799	6	6	Other.Building.Administrators	1
#FFCAB8	-0.0495373898479245	0.0324135360493799	6	6	Building.level.Educators	1
#FBF7FF	-0.0495373898479245	0.0324135360493799	6	6	RPDC.Director	1
#FFDFD4	-0.0495373898479245	0.0324135360493799	6	6	Area.Supervisor	1
#FFFFFE	-0.0495373898479245	0.0324135360493799	6	6	Parents	1
#FFF9F7	-0.0495373898479245	0.0324135360493799	6	6	Collaborative.teams	1
#FFE8DF	-0.0495373898479245	0.0324135360493799	6	6	Common.formative.assessment	1
#FFF6F2	-0.0495373898479245	0.0324135360493799	6	6	Data.based.decision.making	1
#FFEAE3	-0.0495373898479245	0.0324135360493799	6	6	Effective.teaching.learning.practices	1
#FCF9FF	-0.0495373898479245	0.0324135360493799	6	6	Instructional.Leadership	1
#F5EEFF	-0.0495373898479245	0.0324135360493799	6	6	School.based.implementation.coaching	1
#FCFAFF	-0.0495373898479245	0.0324135360493799	6	6	Collective.teacher.efficacy	1
#E4D1FF	-0.0495373898479245	0.0324135360493799	6	6	MMD.DCI.expectations.logistics.DESE.specifics	1
#F1E6FF	-0.0495373898479245	0.0324135360493799	6	6	Alignment.and.systems.planning	1
#FFF7F3	-0.0495373898479245	0.0324135360493799	6	6	Practice.profiles	1
#F9F4FF	-0.0495373898479245	0.0324135360493799	6	6	Self.assessment.practice.profile..SAPP.	1
#FFF6F2	-0.0495373898479245	0.0324135360493799	6	6	Learning.module.materials..i.e..power.points..handouts.	1
#EFE3FF	-0.0495373898479245	0.0324135360493799	6	6	DESE.virtual.learning.platform	1
#FFE7DE	-0.0495373898479245	0.0324135360493799	6	6	Review.of.CFA.data	1
#F1E6FF	-0.0495373898479245	0.0324135360493799	6	6	CWIS	1
#F5EDFF	-0.0495373898479245	0.0324135360493799	6	6	Distance.Learning	1
#EADBFF	-0.0495373898479245	0.0324135360493799	6	6	Virtual.Learning.Modules.and.or.PowerPoints	1
#F7F1FF	-0.0495373898479245	0.0324135360493799	6	6	Leadership.for.Effective.Implementation.of.District.Wide.Evidenced.Based.Practices	1
#FFFAF8	-0.0495373898479245	0.0324135360493799	6	6	Interaction.Type_Virtual	1
#FFE5DB	-0.0495373898479245	0.0324135360493799	6	6	Interaction.Type_In-person	1
#FDFCFF	-0.0495373898479245	0.0324135360493799	6	6	Interaction.Type_In-person and virtual	1
#FEFDFF	-0.0495373898479245	0.0324135360493799	6	6	Interaction.Type_Phone	1
#FFF9F7	-0.0495373898479245	0.0324135360493799	6	6	Interaction.Type_Unknown	1
#FFE5DB	-0.0495373898479245	0.0324135360493799	7	7	District.Leadership.Team.Members	1
#FFF4EF	-0.0495373898479245	0.0324135360493799	7	7	District.Contact.Person	1
#FFE8DF	-0.0495373898479245	0.0324135360493799	7	7	Building.Leadership.Team.Members	1
#FF0000	-0.0495373898479245	0.0324135360493799	7	7	Other.District.Administrators	1
#FFDFD3	-0.0495373898479245	0.0324135360493799	7	7	Other.Building.Administrators	1
#FCF9FF	-0.0495373898479245	0.0324135360493799	7	7	Building.level.Educators	1
#FFCDBC	-0.0495373898479245	0.0324135360493799	7	7	RPDC.Director	1
#FFF8F5	-0.0495373898479245	0.0324135360493799	7	7	Area.Supervisor	1
#FFE8E0	-0.0495373898479245	0.0324135360493799	7	7	Parents	1
#FFF6F3	-0.0495373898479245	0.0324135360493799	7	7	Collaborative.teams	1
#FBF8FF	-0.0495373898479245	0.0324135360493799	7	7	Common.formative.assessment	1
#FFF7F4	-0.0495373898479245	0.0324135360493799	7	7	Data.based.decision.making	1
#FFF1EC	-0.0495373898479245	0.0324135360493799	7	7	Effective.teaching.learning.practices	1
#FFFEFD	-0.0495373898479245	0.0324135360493799	7	7	Instructional.Leadership	1
#FFF9F7	-0.0495373898479245	0.0324135360493799	7	7	School.based.implementation.coaching	1
#FFF8F6	-0.0495373898479245	0.0324135360493799	7	7	Collective.teacher.efficacy	1
#FFEAE3	-0.0495373898479245	0.0324135360493799	7	7	MMD.DCI.expectations.logistics.DESE.specifics	1
#FFE4DA	-0.0495373898479245	0.0324135360493799	7	7	Alignment.and.systems.planning	1
#FFE3DA	-0.0495373898479245	0.0324135360493799	7	7	Practice.profiles	1
#FFE2D7	-0.0495373898479245	0.0324135360493799	7	7	Self.assessment.practice.profile..SAPP.	1
#FFE3D9	-0.0495373898479245	0.0324135360493799	7	7	Learning.module.materials..i.e..power.points..handouts.	1
#FFEFE9	-0.0495373898479245	0.0324135360493799	7	7	DESE.virtual.learning.platform	1
#F8F2FF	-0.0495373898479245	0.0324135360493799	7	7	Review.of.CFA.data	1
#FFEDE7	-0.0495373898479245	0.0324135360493799	7	7	CWIS	1
#FEFDFF	-0.0495373898479245	0.0324135360493799	7	7	Distance.Learning	1
#F1E7FF	-0.0495373898479245	0.0324135360493799	7	7	Virtual.Learning.Modules.and.or.PowerPoints	1
#F3EBFF	-0.0495373898479245	0.0324135360493799	7	7	Leadership.for.Effective.Implementation.of.District.Wide.Evidenced.Based.Practices	1
#F4ECFF	-0.0495373898479245	0.0324135360493799	7	7	Interaction.Type_Virtual	1
#FFFBFA	-0.0495373898479245	0.0324135360493799	7	7	Interaction.Type_In-person	1
#FAF5FF	-0.0495373898479245	0.0324135360493799	7	7	Interaction.Type_In-person and virtual	1
#FFFCFB	-0.0495373898479245	0.0324135360493799	7	7	Interaction.Type_Phone	1
#FFEAE3	-0.0495373898479245	0.0324135360493799	7	7	Interaction.Type_Unknown	1
#FCFAFF	-0.0495373898479245	0.0324135360493799	8	8	District.Leadership.Team.Members	1
#F6EEFF	-0.0495373898479245	0.0324135360493799	8	8	District.Contact.Person	1
#FFFCFB	-0.0495373898479245	0.0324135360493799	8	8	Building.Leadership.Team.Members	1
#FFE8E0	-0.0495373898479245	0.0324135360493799	8	8	Other.District.Administrators	1
#FFFFFE	-0.0495373898479245	0.0324135360493799	8	8	Other.Building.Administrators	1
#F8F3FF	-0.0495373898479245	0.0324135360493799	8	8	Building.level.Educators	1
#FFEBE4	-0.0495373898479245	0.0324135360493799	8	8	RPDC.Director	1
#FFFEFD	-0.0495373898479245	0.0324135360493799	8	8	Area.Supervisor	1
#FF0000	-0.0495373898479245	0.0324135360493799	8	8	Parents	1
#FFF1EB	-0.0495373898479245	0.0324135360493799	8	8	Collaborative.teams	1
#FAF7FF	-0.0495373898479245	0.0324135360493799	8	8	Common.formative.assessment	1
#FFF8F5	-0.0495373898479245	0.0324135360493799	8	8	Data.based.decision.making	1
#FFF7F4	-0.0495373898479245	0.0324135360493799	8	8	Effective.teaching.learning.practices	1
#FFF0EB	-0.0495373898479245	0.0324135360493799	8	8	Instructional.Leadership	1
#FEFCFF	-0.0495373898479245	0.0324135360493799	8	8	School.based.implementation.coaching	1
#FBF8FF	-0.0495373898479245	0.0324135360493799	8	8	Collective.teacher.efficacy	1
#FFFCFA	-0.0495373898479245	0.0324135360493799	8	8	MMD.DCI.expectations.logistics.DESE.specifics	1
#FFEDE6	-0.0495373898479245	0.0324135360493799	8	8	Alignment.and.systems.planning	1
#FDFBFF	-0.0495373898479245	0.0324135360493799	8	8	Practice.profiles	1
#FFF8F5	-0.0495373898479245	0.0324135360493799	8	8	Self.assessment.practice.profile..SAPP.	1
#F8F3FF	-0.0495373898479245	0.0324135360493799	8	8	Learning.module.materials..i.e..power.points..handouts.	1
#FEFEFF	-0.0495373898479245	0.0324135360493799	8	8	DESE.virtual.learning.platform	1
#FBF7FF	-0.0495373898479245	0.0324135360493799	8	8	Review.of.CFA.data	1
#FFFDFD	-0.0495373898479245	0.0324135360493799	8	8	CWIS	1
#FCF9FF	-0.0495373898479245	0.0324135360493799	8	8	Distance.Learning	1
#FAF6FF	-0.0495373898479245	0.0324135360493799	8	8	Virtual.Learning.Modules.and.or.PowerPoints	1
#FDFBFF	-0.0495373898479245	0.0324135360493799	8	8	Leadership.for.Effective.Implementation.of.District.Wide.Evidenced.Based.Practices	1
#FDFCFF	-0.0495373898479245	0.0324135360493799	8	8	Interaction.Type_Virtual	1
#FFFFFF	-0.0495373898479245	0.0324135360493799	8	8	Interaction.Type_In-person	1
#FBF7FF	-0.0495373898479245	0.0324135360493799	8	8	Interaction.Type_In-person and virtual	1
#F9F4FF	-0.0495373898479245	0.0324135360493799	8	8	Interaction.Type_Phone	1
#FFF3EF	-0.0495373898479245	0.0324135360493799	8	8	Interaction.Type_Unknown	1
#FFC4B0	-0.0495373898479245	0.0324135360493799	9	9	District.Leadership.Team.Members	1
#FFD2C3	-0.0495373898479245	0.0324135360493799	9	9	District.Contact.Person	1
#FFEBE4	-0.0495373898479245	0.0324135360493799	9	9	Building.Leadership.Team.Members	1
#FFE2D7	-0.0495373898479245	0.0324135360493799	9	9	Other.District.Administrators	1
#F9F4FF	-0.0495373898479245	0.0324135360493799	9	9	Other.Building.Administrators	1
#EBDCFF	-0.0495373898479245	0.0324135360493799	9	9	Building.level.Educators	1
#FFFFFF	-0.0495373898479245	0.0324135360493799	9	9	RPDC.Director	1
#FFEBE3	-0.0495373898479245	0.0324135360493799	9	9	Area.Supervisor	1
#FFF8F5	-0.0495373898479245	0.0324135360493799	9	9	Parents	1
#FFE1D7	-0.0495373898479245	0.0324135360493799	9	9	Collaborative.teams	1
#FBF7FF	-0.0495373898479245	0.0324135360493799	9	9	Common.formative.assessment	1
#FFDCD0	-0.0495373898479245	0.0324135360493799	9	9	Data.based.decision.making	1
#FFE3D9	-0.0495373898479245	0.0324135360493799	9	9	Effective.teaching.learning.practices	1
#FEFDFF	-0.0495373898479245	0.0324135360493799	9	9	Instructional.Leadership	1
#FFE2D8	-0.0495373898479245	0.0324135360493799	9	9	School.based.implementation.coaching	1
#FFECE6	-0.0495373898479245	0.0324135360493799	9	9	Collective.teacher.efficacy	1
#FFAA90	-0.0495373898479245	0.0324135360493799	9	9	MMD.DCI.expectations.logistics.DESE.specifics	1
#FFD3C4	-0.0495373898479245	0.0324135360493799	9	9	Alignment.and.systems.planning	1
#FFC4B1	-0.0495373898479245	0.0324135360493799	9	9	Practice.profiles	1
#FF0000	-0.0495373898479245	0.0324135360493799	9	9	Self.assessment.practice.profile..SAPP.	1
#FFDBCE	-0.0495373898479245	0.0324135360493799	9	9	Learning.module.materials..i.e..power.points..handouts.	1
#FFA488	-0.0495373898479245	0.0324135360493799	9	9	DESE.virtual.learning.platform	1
#F5EEFF	-0.0495373898479245	0.0324135360493799	9	9	Review.of.CFA.data	1
#FFA388	-0.0495373898479245	0.0324135360493799	9	9	CWIS	1
#FFF3EE	-0.0495373898479245	0.0324135360493799	9	9	Distance.Learning	1
#FFF2ED	-0.0495373898479245	0.0324135360493799	9	9	Virtual.Learning.Modules.and.or.PowerPoints	1
#F2E8FF	-0.0495373898479245	0.0324135360493799	9	9	Leadership.for.Effective.Implementation.of.District.Wide.Evidenced.Based.Practices	1
#EEE1FF	-0.0495373898479245	0.0324135360493799	9	9	Interaction.Type_Virtual	1
#ECDEFF	-0.0495373898479245	0.0324135360493799	9	9	Interaction.Type_In-person	1
#FBF8FF	-0.0495373898479245	0.0324135360493799	9	9	Interaction.Type_In-person and virtual	1
#E8D8FF	-0.0495373898479245	0.0324135360493799	9	9	Interaction.Type_Phone	1
#FEFCFF	-0.0495373898479245	0.0324135360493799	9	9	Interaction.Type_Unknown	1
#FBF8FF	-0.0495373898479245	0.0324135360493799	10	10	District.Leadership.Team.Members	1
#FFFFFF	-0.0495373898479245	0.0324135360493799	10	10	District.Contact.Person	1
#E9D9FF	-0.0495373898479245	0.0324135360493799	10	10	Building.Leadership.Team.Members	1
#F1E7FF	-0.0495373898479245	0.0324135360493799	10	10	Other.District.Administrators	1
#EADBFF	-0.0495373898479245	0.0324135360493799	10	10	Other.Building.Administrators	1
#F2E8FF	-0.0495373898479245	0.0324135360493799	10	10	Building.level.Educators	1
#F7F1FF	-0.0495373898479245	0.0324135360493799	10	10	RPDC.Director	1
#F3EAFF	-0.0495373898479245	0.0324135360493799	10	10	Area.Supervisor	1
#FAF6FF	-0.0495373898479245	0.0324135360493799	10	10	Parents	1
#FAF6FF	-0.0495373898479245	0.0324135360493799	10	10	Collaborative.teams	1
#FFFCFA	-0.0495373898479245	0.0324135360493799	10	10	Common.formative.assessment	1
#FEFDFF	-0.0495373898479245	0.0324135360493799	10	10	Data.based.decision.making	1
#FCFAFF	-0.0495373898479245	0.0324135360493799	10	10	Effective.teaching.learning.practices	1
#FEFCFF	-0.0495373898479245	0.0324135360493799	10	10	Instructional.Leadership	1
#FFF8F5	-0.0495373898479245	0.0324135360493799	10	10	School.based.implementation.coaching	1
#FFE1D7	-0.0495373898479245	0.0324135360493799	10	10	Collective.teacher.efficacy	1
#FFE9E1	-0.0495373898479245	0.0324135360493799	10	10	MMD.DCI.expectations.logistics.DESE.specifics	1
#F9F5FF	-0.0495373898479245	0.0324135360493799	10	10	Alignment.and.systems.planning	1
#FFEEE7	-0.0495373898479245	0.0324135360493799	10	10	Practice.profiles	1
#FFF2ED	-0.0495373898479245	0.0324135360493799	10	10	Self.assessment.practice.profile..SAPP.	1
#FFD1C2	-0.0495373898479245	0.0324135360493799	10	10	Learning.module.materials..i.e..power.points..handouts.	1
#FFD7C9	-0.0495373898479245	0.0324135360493799	10	10	DESE.virtual.learning.platform	1
#FBF8FF	-0.0495373898479245	0.0324135360493799	10	10	Review.of.CFA.data	1
#FFF6F2	-0.0495373898479245	0.0324135360493799	10	10	CWIS	1
#FFAA90	-0.0495373898479245	0.0324135360493799	10	10	Distance.Learning	1
#FF0000	-0.0495373898479245	0.0324135360493799	10	10	Virtual.Learning.Modules.and.or.PowerPoints	1
#FFD1C1	-0.0495373898479245	0.0324135360493799	10	10	Leadership.for.Effective.Implementation.of.District.Wide.Evidenced.Based.Practices	1
#FFF5F2	-0.0495373898479245	0.0324135360493799	10	10	Interaction.Type_Virtual	1
#E6D5FF	-0.0495373898479245	0.0324135360493799	10	10	Interaction.Type_In-person	1
#FDFBFF	-0.0495373898479245	0.0324135360493799	10	10	Interaction.Type_In-person and virtual	1
#FBF7FF	-0.0495373898479245	0.0324135360493799	10	10	Interaction.Type_Phone	1
#F9F4FF	-0.0495373898479245	0.0324135360493799	10	10	Interaction.Type_Unknown	1
#FFB8A1	-0.0495373898479245	0.0324135360493799	1	1	District.Leadership.Team.Members	2
#EBDCFF	-0.0495373898479245	0.0324135360493799	1	1	District.Contact.Person	2
#FF0000	-0.0495373898479245	0.0324135360493799	1	1	Building.Leadership.Team.Members	2
#FFE8DF	-0.0495373898479245	0.0324135360493799	1	1	Other.District.Administrators	2
#FFCAB8	-0.0495373898479245	0.0324135360493799	1	1	Other.Building.Administrators	2
#FFA084	-0.0495373898479245	0.0324135360493799	1	1	Building.level.Educators	2
#FFFCFB	-0.0495373898479245	0.0324135360493799	1	1	RPDC.Director	2
#FDFCFF	-0.0495373898479245	0.0324135360493799	1	1	Area.Supervisor	2
#FFFCFB	-0.0495373898479245	0.0324135360493799	1	1	Parents	2
#FFD1C1	-0.0495373898479245	0.0324135360493799	1	1	Collaborative.teams	2
#FFE9E1	-0.0495373898479245	0.0324135360493799	1	1	Common.formative.assessment	2
#FFD8CA	-0.0495373898479245	0.0324135360493799	1	1	Data.based.decision.making	2
#FFB59E	-0.0495373898479245	0.0324135360493799	1	1	Effective.teaching.learning.practices	2
#FFFEFD	-0.0495373898479245	0.0324135360493799	1	1	Instructional.Leadership	2
#FFDFD4	-0.0495373898479245	0.0324135360493799	1	1	School.based.implementation.coaching	2
#FBF8FF	-0.0495373898479245	0.0324135360493799	1	1	Collective.teacher.efficacy	2
#E9D9FF	-0.0495373898479245	0.0324135360493799	1	1	MMD.DCI.expectations.logistics.DESE.specifics	2
#FFF7F4	-0.0495373898479245	0.0324135360493799	1	1	Alignment.and.systems.planning	2
#FFE1D6	-0.0495373898479245	0.0324135360493799	1	1	Practice.profiles	2
#FFEBE4	-0.0495373898479245	0.0324135360493799	1	1	Self.assessment.practice.profile..SAPP.	2
#FFEDE6	-0.0495373898479245	0.0324135360493799	1	1	Learning.module.materials..i.e..power.points..handouts.	2
#FFFDFD	-0.0495373898479245	0.0324135360493799	1	1	DESE.virtual.learning.platform	2
#FFDDD2	-0.0495373898479245	0.0324135360493799	1	1	Review.of.CFA.data	2
#EBDCFF	-0.0495373898479245	0.0324135360493799	1	1	CWIS	2
#F7F0FF	-0.0495373898479245	0.0324135360493799	1	1	Distance.Learning	2
#E9D9FF	-0.0495373898479245	0.0324135360493799	1	1	Virtual.Learning.Modules.and.or.PowerPoints	2
#F8F2FF	-0.0495373898479245	0.0324135360493799	1	1	Leadership.for.Effective.Implementation.of.District.Wide.Evidenced.Based.Practices	2
#FFF1EC	-0.0495373898479245	0.0324135360493799	1	1	Interaction.Type_Virtual	2
#FFD2C2	-0.0495373898479245	0.0324135360493799	1	1	Interaction.Type_In-person	2
#FCF9FF	-0.0495373898479245	0.0324135360493799	1	1	Interaction.Type_In-person and virtual	2
#FCFAFF	-0.0495373898479245	0.0324135360493799	1	1	Interaction.Type_Phone	2
#FFF7F4	-0.0495373898479245	0.0324135360493799	1	1	Interaction.Type_Unknown	2
#FFDDD1	-0.0495373898479245	0.0324135360493799	2	2	District.Leadership.Team.Members	2
#FFC9B6	-0.0495373898479245	0.0324135360493799	2	2	District.Contact.Person	2
#FFFDFD	-0.0495373898479245	0.0324135360493799	2	2	Building.Leadership.Team.Members	2
#FFEFE9	-0.0495373898479245	0.0324135360493799	2	2	Other.District.Administrators	2
#EFE3FF	-0.0495373898479245	0.0324135360493799	2	2	Other.Building.Administrators	2
#E7D6FF	-0.0495373898479245	0.0324135360493799	2	2	Building.level.Educators	2
#FFDED2	-0.0495373898479245	0.0324135360493799	2	2	RPDC.Director	2
#FFE7DE	-0.0495373898479245	0.0324135360493799	2	2	Area.Supervisor	2
#FEFEFF	-0.0495373898479245	0.0324135360493799	2	2	Parents	2
#FFE0D5	-0.0495373898479245	0.0324135360493799	2	2	Collaborative.teams	2
#FFF2ED	-0.0495373898479245	0.0324135360493799	2	2	Common.formative.assessment	2
#FFE9E1	-0.0495373898479245	0.0324135360493799	2	2	Data.based.decision.making	2
#FFFAF9	-0.0495373898479245	0.0324135360493799	2	2	Effective.teaching.learning.practices	2
#FFE9E1	-0.0495373898479245	0.0324135360493799	2	2	Instructional.Leadership	2
#FFDCD0	-0.0495373898479245	0.0324135360493799	2	2	School.based.implementation.coaching	2
#FFE9E1	-0.0495373898479245	0.0324135360493799	2	2	Collective.teacher.efficacy	2
#FFA68B	-0.0495373898479245	0.0324135360493799	2	2	MMD.DCI.expectations.logistics.DESE.specifics	2
#FFC4B0	-0.0495373898479245	0.0324135360493799	2	2	Alignment.and.systems.planning	2
#FFC8B6	-0.0495373898479245	0.0324135360493799	2	2	Practice.profiles	2
#FFA488	-0.0495373898479245	0.0324135360493799	2	2	Self.assessment.practice.profile..SAPP.	2
#FFC3AE	-0.0495373898479245	0.0324135360493799	2	2	Learning.module.materials..i.e..power.points..handouts.	2
#FF0000	-0.0495373898479245	0.0324135360493799	2	2	DESE.virtual.learning.platform	2
#FFFEFD	-0.0495373898479245	0.0324135360493799	2	2	Review.of.CFA.data	2
#FFBDA8	-0.0495373898479245	0.0324135360493799	2	2	CWIS	2
#FFDDD1	-0.0495373898479245	0.0324135360493799	2	2	Distance.Learning	2
#FFD7C9	-0.0495373898479245	0.0324135360493799	2	2	Virtual.Learning.Modules.and.or.PowerPoints	2
#FFFEFD	-0.0495373898479245	0.0324135360493799	2	2	Leadership.for.Effective.Implementation.of.District.Wide.Evidenced.Based.Practices	2
#EEE1FF	-0.0495373898479245	0.0324135360493799	2	2	Interaction.Type_Virtual	2
#E4D0FF	-0.0495373898479245	0.0324135360493799	2	2	Interaction.Type_In-person	2
#F9F4FF	-0.0495373898479245	0.0324135360493799	2	2	Interaction.Type_In-person and virtual	2
#F5EDFF	-0.0495373898479245	0.0324135360493799	2	2	Interaction.Type_Phone	2
#F5EEFF	-0.0495373898479245	0.0324135360493799	2	2	Interaction.Type_Unknown	2
#FAF7FF	-0.0495373898479245	0.0324135360493799	1	1	District.Leadership.Team.Members	3
#E7D6FF	-0.0495373898479245	0.0324135360493799	1	1	District.Contact.Person	3
#FFF7F4	-0.0495373898479245	0.0324135360493799	1	1	Building.Leadership.Team.Members	3
#FFEAE3	-0.0495373898479245	0.0324135360493799	1	1	Other.District.Administrators	3
#FFF9F7	-0.0495373898479245	0.0324135360493799	1	1	Other.Building.Administrators	3
#FAF5FF	-0.0495373898479245	0.0324135360493799	1	1	Building.level.Educators	3
#FFDACD	-0.0495373898479245	0.0324135360493799	1	1	RPDC.Director	3
#FEFDFF	-0.0495373898479245	0.0324135360493799	1	1	Area.Supervisor	3
#FFF3EF	-0.0495373898479245	0.0324135360493799	1	1	Parents	3
#FFEAE2	-0.0495373898479245	0.0324135360493799	1	1	Collaborative.teams	3
#FFFDFD	-0.0495373898479245	0.0324135360493799	1	1	Common.formative.assessment	3
#FFFAF8	-0.0495373898479245	0.0324135360493799	1	1	Data.based.decision.making	3
#FFFBFA	-0.0495373898479245	0.0324135360493799	1	1	Effective.teaching.learning.practices	3
#FDFCFF	-0.0495373898479245	0.0324135360493799	1	1	Instructional.Leadership	3
#FFFAF8	-0.0495373898479245	0.0324135360493799	1	1	School.based.implementation.coaching	3
#FCF9FF	-0.0495373898479245	0.0324135360493799	1	1	Collective.teacher.efficacy	3
#FDFCFF	-0.0495373898479245	0.0324135360493799	1	1	MMD.DCI.expectations.logistics.DESE.specifics	3
#FFFAF8	-0.0495373898479245	0.0324135360493799	1	1	Alignment.and.systems.planning	3
#F7F2FF	-0.0495373898479245	0.0324135360493799	1	1	Practice.profiles	3
#FEFCFF	-0.0495373898479245	0.0324135360493799	1	1	Self.assessment.practice.profile..SAPP.	3
#F5EDFF	-0.0495373898479245	0.0324135360493799	1	1	Learning.module.materials..i.e..power.points..handouts.	3
#F5EEFF	-0.0495373898479245	0.0324135360493799	1	1	DESE.virtual.learning.platform	3
#FAF7FF	-0.0495373898479245	0.0324135360493799	1	1	Review.of.CFA.data	3
#F7F0FF	-0.0495373898479245	0.0324135360493799	1	1	CWIS	3
#FCF9FF	-0.0495373898479245	0.0324135360493799	1	1	Distance.Learning	3
#F9F4FF	-0.0495373898479245	0.0324135360493799	1	1	Virtual.Learning.Modules.and.or.PowerPoints	3
#FDFBFF	-0.0495373898479245	0.0324135360493799	1	1	Leadership.for.Effective.Implementation.of.District.Wide.Evidenced.Based.Practices	3
#FDFBFF	-0.0495373898479245	0.0324135360493799	1	1	Interaction.Type_Virtual	3
#FFE8E0	-0.0495373898479245	0.0324135360493799	1	1	Interaction.Type_In-person	3
#FFFFFF	-0.0495373898479245	0.0324135360493799	1	1	Interaction.Type_In-person and virtual	3
#FFF1EC	-0.0495373898479245	0.0324135360493799	1	1	Interaction.Type_Phone	3
#FF0000	-0.0495373898479245	0.0324135360493799	1	1	Interaction.Type_Unknown	3
#FFF9F7	-0.0495373898479245	0.0324135360493799	2	2	District.Leadership.Team.Members	3
#F0E5FF	-0.0495373898479245	0.0324135360493799	2	2	District.Contact.Person	3
#FFDDD2	-0.0495373898479245	0.0324135360493799	2	2	Building.Leadership.Team.Members	3
#F8F2FF	-0.0495373898479245	0.0324135360493799	2	2	Other.District.Administrators	3
#FFE7DE	-0.0495373898479245	0.0324135360493799	2	2	Other.Building.Administrators	3
#FFE0D5	-0.0495373898479245	0.0324135360493799	2	2	Building.level.Educators	3
#F7F0FF	-0.0495373898479245	0.0324135360493799	2	2	RPDC.Director	3
#FFFDFC	-0.0495373898479245	0.0324135360493799	2	2	Area.Supervisor	3
#FBF7FF	-0.0495373898479245	0.0324135360493799	2	2	Parents	3
#FFEFE9	-0.0495373898479245	0.0324135360493799	2	2	Collaborative.teams	3
#FFBBA5	-0.0495373898479245	0.0324135360493799	2	2	Common.formative.assessment	3
#FFE3D9	-0.0495373898479245	0.0324135360493799	2	2	Data.based.decision.making	3
#F4ECFF	-0.0495373898479245	0.0324135360493799	2	2	Effective.teaching.learning.practices	3
#FFF3EF	-0.0495373898479245	0.0324135360493799	2	2	Instructional.Leadership	3
#FFFEFE	-0.0495373898479245	0.0324135360493799	2	2	School.based.implementation.coaching	3
#FCFAFF	-0.0495373898479245	0.0324135360493799	2	2	Collective.teacher.efficacy	3
#F4EBFF	-0.0495373898479245	0.0324135360493799	2	2	MMD.DCI.expectations.logistics.DESE.specifics	3
#FEFEFF	-0.0495373898479245	0.0324135360493799	2	2	Alignment.and.systems.planning	3
#F7F0FF	-0.0495373898479245	0.0324135360493799	2	2	Practice.profiles	3
#F5EEFF	-0.0495373898479245	0.0324135360493799	2	2	Self.assessment.practice.profile..SAPP.	3
#FCF9FF	-0.0495373898479245	0.0324135360493799	2	2	Learning.module.materials..i.e..power.points..handouts.	3
#FFFEFD	-0.0495373898479245	0.0324135360493799	2	2	DESE.virtual.learning.platform	3
#FF0000	-0.0495373898479245	0.0324135360493799	2	2	Review.of.CFA.data	3
#F7F0FF	-0.0495373898479245	0.0324135360493799	2	2	CWIS	3
#F3EAFF	-0.0495373898479245	0.0324135360493799	2	2	Distance.Learning	3
#FBF8FF	-0.0495373898479245	0.0324135360493799	2	2	Virtual.Learning.Modules.and.or.PowerPoints	3
#FFF0EA	-0.0495373898479245	0.0324135360493799	2	2	Leadership.for.Effective.Implementation.of.District.Wide.Evidenced.Based.Practices	3
#FFF5F1	-0.0495373898479245	0.0324135360493799	2	2	Interaction.Type_Virtual	3
#FFE2D7	-0.0495373898479245	0.0324135360493799	2	2	Interaction.Type_In-person	3
#FFFDFC	-0.0495373898479245	0.0324135360493799	2	2	Interaction.Type_In-person and virtual	3
#FFFDFC	-0.0495373898479245	0.0324135360493799	2	2	Interaction.Type_Phone	3
#FAF7FF	-0.0495373898479245	0.0324135360493799	2	2	Interaction.Type_Unknown	3
#FFFFFF	-0.0495373898479245	0.0324135360493799	1	1	District.Leadership.Team.Members	4
#FFF4F0	-0.0495373898479245	0.0324135360493799	1	1	District.Contact.Person	4
#FDFCFF	-0.0495373898479245	0.0324135360493799	1	1	Building.Leadership.Team.Members	4
#FFF8F5	-0.0495373898479245	0.0324135360493799	1	1	Other.District.Administrators	4
#FFDFD4	-0.0495373898479245	0.0324135360493799	1	1	Other.Building.Administrators	4
#FDFBFF	-0.0495373898479245	0.0324135360493799	1	1	Building.level.Educators	4
#FFE9E1	-0.0495373898479245	0.0324135360493799	1	1	RPDC.Director	4
#FF0000	-0.0495373898479245	0.0324135360493799	1	1	Area.Supervisor	4
#FFFEFD	-0.0495373898479245	0.0324135360493799	1	1	Parents	4
#FCFAFF	-0.0495373898479245	0.0324135360493799	1	1	Collaborative.teams	4
#FBF8FF	-0.0495373898479245	0.0324135360493799	1	1	Common.formative.assessment	4
#FFFDFC	-0.0495373898479245	0.0324135360493799	1	1	Data.based.decision.making	4
#FEFEFF	-0.0495373898479245	0.0324135360493799	1	1	Effective.teaching.learning.practices	4
#FFF3EF	-0.0495373898479245	0.0324135360493799	1	1	Instructional.Leadership	4
#FFF8F6	-0.0495373898479245	0.0324135360493799	1	1	School.based.implementation.coaching	4
#FFF8F6	-0.0495373898479245	0.0324135360493799	1	1	Collective.teacher.efficacy	4
#FFEAE2	-0.0495373898479245	0.0324135360493799	1	1	MMD.DCI.expectations.logistics.DESE.specifics	4
#FFDED2	-0.0495373898479245	0.0324135360493799	1	1	Alignment.and.systems.planning	4
#FBF7FF	-0.0495373898479245	0.0324135360493799	1	1	Practice.profiles	4
#FFEBE3	-0.0495373898479245	0.0324135360493799	1	1	Self.assessment.practice.profile..SAPP.	4
#FFEFE8	-0.0495373898479245	0.0324135360493799	1	1	Learning.module.materials..i.e..power.points..handouts.	4
#FFE7DE	-0.0495373898479245	0.0324135360493799	1	1	DESE.virtual.learning.platform	4
#FFFDFC	-0.0495373898479245	0.0324135360493799	1	1	Review.of.CFA.data	4
#FFE5DB	-0.0495373898479245	0.0324135360493799	1	1	CWIS	4
#F9F5FF	-0.0495373898479245	0.0324135360493799	1	1	Distance.Learning	4
#F3EAFF	-0.0495373898479245	0.0324135360493799	1	1	Virtual.Learning.Modules.and.or.PowerPoints	4
#FAF6FF	-0.0495373898479245	0.0324135360493799	1	1	Leadership.for.Effective.Implementation.of.District.Wide.Evidenced.Based.Practices	4
#FEFEFF	-0.0495373898479245	0.0324135360493799	1	1	Interaction.Type_Virtual	4
#FDFCFF	-0.0495373898479245	0.0324135360493799	1	1	Interaction.Type_In-person	4
#FFF5F1	-0.0495373898479245	0.0324135360493799	1	1	Interaction.Type_In-person and virtual	4
#FEFDFF	-0.0495373898479245	0.0324135360493799	1	1	Interaction.Type_Phone	4
#FEFDFF	-0.0495373898479245	0.0324135360493799	1	1	Interaction.Type_Unknown	4
#FCFAFF	-0.0495373898479245	0.0324135360493799	2	2	District.Leadership.Team.Members	4
#FFF5F2	-0.0495373898479245	0.0324135360493799	2	2	District.Contact.Person	4
#FBF8FF	-0.0495373898479245	0.0324135360493799	2	2	Building.Leadership.Team.Members	4
#FFF8F6	-0.0495373898479245	0.0324135360493799	2	2	Other.District.Administrators	4
#FCFAFF	-0.0495373898479245	0.0324135360493799	2	2	Other.Building.Administrators	4
#F5EEFF	-0.0495373898479245	0.0324135360493799	2	2	Building.level.Educators	4
#F9F4FF	-0.0495373898479245	0.0324135360493799	2	2	RPDC.Director	4
#FFF8F6	-0.0495373898479245	0.0324135360493799	2	2	Area.Supervisor	4
#FBF8FF	-0.0495373898479245	0.0324135360493799	2	2	Parents	4
#FFD7C9	-0.0495373898479245	0.0324135360493799	2	2	Collaborative.teams	4
#FFE4DB	-0.0495373898479245	0.0324135360493799	2	2	Common.formative.assessment	4
#FFDCD0	-0.0495373898479245	0.0324135360493799	2	2	Data.based.decision.making	4
#FFECE5	-0.0495373898479245	0.0324135360493799	2	2	Effective.teaching.learning.practices	4
#FFEBE3	-0.0495373898479245	0.0324135360493799	2	2	Instructional.Leadership	4
#FFCAB8	-0.0495373898479245	0.0324135360493799	2	2	School.based.implementation.coaching	4
#FF0000	-0.0495373898479245	0.0324135360493799	2	2	Collective.teacher.efficacy	4
#FFDCD0	-0.0495373898479245	0.0324135360493799	2	2	MMD.DCI.expectations.logistics.DESE.specifics	4
#F8F3FF	-0.0495373898479245	0.0324135360493799	2	2	Alignment.and.systems.planning	4
#FFE8E0	-0.0495373898479245	0.0324135360493799	2	2	Practice.profiles	4
#FFECE6	-0.0495373898479245	0.0324135360493799	2	2	Self.assessment.practice.profile..SAPP.	4
#FFECE4	-0.0495373898479245	0.0324135360493799	2	2	Learning.module.materials..i.e..power.points..handouts.	4
#FFE9E1	-0.0495373898479245	0.0324135360493799	2	2	DESE.virtual.learning.platform	4
#FCFAFF	-0.0495373898479245	0.0324135360493799	2	2	Review.of.CFA.data	4
#FFF4F0	-0.0495373898479245	0.0324135360493799	2	2	CWIS	4
#FFBBA5	-0.0495373898479245	0.0324135360493799	2	2	Distance.Learning	4
#FFE1D7	-0.0495373898479245	0.0324135360493799	2	2	Virtual.Learning.Modules.and.or.PowerPoints	4
#FEFEFF	-0.0495373898479245	0.0324135360493799	2	2	Leadership.for.Effective.Implementation.of.District.Wide.Evidenced.Based.Practices	4
#FFFEFF	-0.0495373898479245	0.0324135360493799	2	2	Interaction.Type_Virtual	4
#FFFFFF	-0.0495373898479245	0.0324135360493799	2	2	Interaction.Type_In-person	4
#FBF7FF	-0.0495373898479245	0.0324135360493799	2	2	Interaction.Type_In-person and virtual	4
#F8F3FF	-0.0495373898479245	0.0324135360493799	2	2	Interaction.Type_Phone	4
#FCF9FF	-0.0495373898479245	0.0324135360493799	2	2	Interaction.Type_Unknown	4
#FFE2D8	-0.0495373898479245	0.0324135360493799	1	1	District.Leadership.Team.Members	5
#FFD7C9	-0.0495373898479245	0.0324135360493799	1	1	District.Contact.Person	5
#FFF7F4	-0.0495373898479245	0.0324135360493799	1	1	Building.Leadership.Team.Members	5
#FFE4DA	-0.0495373898479245	0.0324135360493799	1	1	Other.District.Administrators	5
#F1E6FF	-0.0495373898479245	0.0324135360493799	1	1	Other.Building.Administrators	5
#F1E7FF	-0.0495373898479245	0.0324135360493799	1	1	Building.level.Educators	5
#FFD1C1	-0.0495373898479245	0.0324135360493799	1	1	RPDC.Director	5
#FFDED2	-0.0495373898479245	0.0324135360493799	1	1	Area.Supervisor	5
#FFEDE6	-0.0495373898479245	0.0324135360493799	1	1	Parents	5
#FFF5F1	-0.0495373898479245	0.0324135360493799	1	1	Collaborative.teams	5
#FCF9FF	-0.0495373898479245	0.0324135360493799	1	1	Common.formative.assessment	5
#FFF4F0	-0.0495373898479245	0.0324135360493799	1	1	Data.based.decision.making	5
#FFF9F7	-0.0495373898479245	0.0324135360493799	1	1	Effective.teaching.learning.practices	5
#FFCCBA	-0.0495373898479245	0.0324135360493799	1	1	Instructional.Leadership	5
#FFECE5	-0.0495373898479245	0.0324135360493799	1	1	School.based.implementation.coaching	5
#F8F3FF	-0.0495373898479245	0.0324135360493799	1	1	Collective.teacher.efficacy	5
#FFC0AB	-0.0495373898479245	0.0324135360493799	1	1	MMD.DCI.expectations.logistics.DESE.specifics	5
#FF0000	-0.0495373898479245	0.0324135360493799	1	1	Alignment.and.systems.planning	5
#FFF6F3	-0.0495373898479245	0.0324135360493799	1	1	Practice.profiles	5
#FFD3C4	-0.0495373898479245	0.0324135360493799	1	1	Self.assessment.practice.profile..SAPP.	5
#FFF2ED	-0.0495373898479245	0.0324135360493799	1	1	Learning.module.materials..i.e..power.points..handouts.	5
#FFC4B0	-0.0495373898479245	0.0324135360493799	1	1	DESE.virtual.learning.platform	5
#FEFEFF	-0.0495373898479245	0.0324135360493799	1	1	Review.of.CFA.data	5
#FFC6B2	-0.0495373898479245	0.0324135360493799	1	1	CWIS	5
#FFFBF9	-0.0495373898479245	0.0324135360493799	1	1	Distance.Learning	5
#F9F5FF	-0.0495373898479245	0.0324135360493799	1	1	Virtual.Learning.Modules.and.or.PowerPoints	5
#FFE5DB	-0.0495373898479245	0.0324135360493799	1	1	Leadership.for.Effective.Implementation.of.District.Wide.Evidenced.Based.Practices	5
#F0E4FF	-0.0495373898479245	0.0324135360493799	1	1	Interaction.Type_Virtual	5
#F5EDFF	-0.0495373898479245	0.0324135360493799	1	1	Interaction.Type_In-person	5
#FDFCFF	-0.0495373898479245	0.0324135360493799	1	1	Interaction.Type_In-person and virtual	5
#FBF8FF	-0.0495373898479245	0.0324135360493799	1	1	Interaction.Type_Phone	5
#FFFAF8	-0.0495373898479245	0.0324135360493799	1	1	Interaction.Type_Unknown	5
#FFF1EC	-0.0495373898479245	0.0324135360493799	2	2	District.Leadership.Team.Members	5
#F4ECFF	-0.0495373898479245	0.0324135360493799	2	2	District.Contact.Person	5
#FFD8CA	-0.0495373898479245	0.0324135360493799	2	2	Building.Leadership.Team.Members	5
#FFF7F4	-0.0495373898479245	0.0324135360493799	2	2	Other.District.Administrators	5
#FFF6F2	-0.0495373898479245	0.0324135360493799	2	2	Other.Building.Administrators	5
#FBF8FF	-0.0495373898479245	0.0324135360493799	2	2	Building.level.Educators	5
#FEFCFF	-0.0495373898479245	0.0324135360493799	2	2	RPDC.Director	5
#FFFDFC	-0.0495373898479245	0.0324135360493799	2	2	Area.Supervisor	5
#FFF8F5	-0.0495373898479245	0.0324135360493799	2	2	Parents	5
#FFA98E	-0.0495373898479245	0.0324135360493799	2	2	Collaborative.teams	5
#FFD0BF	-0.0495373898479245	0.0324135360493799	2	2	Common.formative.assessment	5
#FF0000	-0.0495373898479245	0.0324135360493799	2	2	Data.based.decision.making	5
#FFF2ED	-0.0495373898479245	0.0324135360493799	2	2	Effective.teaching.learning.practices	5
#FFD9CB	-0.0495373898479245	0.0324135360493799	2	2	Instructional.Leadership	5
#FFDACD	-0.0495373898479245	0.0324135360493799	2	2	School.based.implementation.coaching	5
#FFDCD0	-0.0495373898479245	0.0324135360493799	2	2	Collective.teacher.efficacy	5
#FFFEFE	-0.0495373898479245	0.0324135360493799	2	2	MMD.DCI.expectations.logistics.DESE.specifics	5
#FFF4F0	-0.0495373898479245	0.0324135360493799	2	2	Alignment.and.systems.planning	5
#FFE8DF	-0.0495373898479245	0.0324135360493799	2	2	Practice.profiles	5
#FFDCD0	-0.0495373898479245	0.0324135360493799	2	2	Self.assessment.practice.profile..SAPP.	5
#FDFBFF	-0.0495373898479245	0.0324135360493799	2	2	Learning.module.materials..i.e..power.points..handouts.	5
#FFE9E1	-0.0495373898479245	0.0324135360493799	2	2	DESE.virtual.learning.platform	5
#FFE3D9	-0.0495373898479245	0.0324135360493799	2	2	Review.of.CFA.data	5
#FFFFFF	-0.0495373898479245	0.0324135360493799	2	2	CWIS	5
#FFEAE3	-0.0495373898479245	0.0324135360493799	2	2	Distance.Learning	5
#FEFDFF	-0.0495373898479245	0.0324135360493799	2	2	Virtual.Learning.Modules.and.or.PowerPoints	5
#FBF8FF	-0.0495373898479245	0.0324135360493799	2	2	Leadership.for.Effective.Implementation.of.District.Wide.Evidenced.Based.Practices	5
#FFF8F5	-0.0495373898479245	0.0324135360493799	2	2	Interaction.Type_Virtual	5
#FFF0EB	-0.0495373898479245	0.0324135360493799	2	2	Interaction.Type_In-person	5
#FFFCFB	-0.0495373898479245	0.0324135360493799	2	2	Interaction.Type_In-person and virtual	5
#FFFEFD	-0.0495373898479245	0.0324135360493799	2	2	Interaction.Type_Phone	5
#FFFAF8	-0.0495373898479245	0.0324135360493799	2	2	Interaction.Type_Unknown	5
#FFF0EA	-0.0495373898479245	0.0324135360493799	3	3	District.Leadership.Team.Members	5
#FFBBA5	-0.0495373898479245	0.0324135360493799	3	3	District.Contact.Person	5
#E9D9FF	-0.0495373898479245	0.0324135360493799	3	3	Building.Leadership.Team.Members	5
#FFEAE3	-0.0495373898479245	0.0324135360493799	3	3	Other.District.Administrators	5
#E4D1FF	-0.0495373898479245	0.0324135360493799	3	3	Other.Building.Administrators	5
#C8A7FF	-0.0495373898479245	0.0324135360493799	3	3	Building.level.Educators	5
#FFD9CC	-0.0495373898479245	0.0324135360493799	3	3	RPDC.Director	5
#FFEAE2	-0.0495373898479245	0.0324135360493799	3	3	Area.Supervisor	5
#FFFCFA	-0.0495373898479245	0.0324135360493799	3	3	Parents	5
#FCF9FF	-0.0495373898479245	0.0324135360493799	3	3	Collaborative.teams	5
#F2E9FF	-0.0495373898479245	0.0324135360493799	3	3	Common.formative.assessment	5
#FFFEFE	-0.0495373898479245	0.0324135360493799	3	3	Data.based.decision.making	5
#EDE0FF	-0.0495373898479245	0.0324135360493799	3	3	Effective.teaching.learning.practices	5
#FFEEE7	-0.0495373898479245	0.0324135360493799	3	3	Instructional.Leadership	5
#FFE7DE	-0.0495373898479245	0.0324135360493799	3	3	School.based.implementation.coaching	5
#FFDCD0	-0.0495373898479245	0.0324135360493799	3	3	Collective.teacher.efficacy	5
#FF0000	-0.0495373898479245	0.0324135360493799	3	3	MMD.DCI.expectations.logistics.DESE.specifics	5
#FFC0AB	-0.0495373898479245	0.0324135360493799	3	3	Alignment.and.systems.planning	5
#FFE7DE	-0.0495373898479245	0.0324135360493799	3	3	Practice.profiles	5
#FFAA90	-0.0495373898479245	0.0324135360493799	3	3	Self.assessment.practice.profile..SAPP.	5
#FFF6F3	-0.0495373898479245	0.0324135360493799	3	3	Learning.module.materials..i.e..power.points..handouts.	5
#FFA68B	-0.0495373898479245	0.0324135360493799	3	3	DESE.virtual.learning.platform	5
#F4EBFF	-0.0495373898479245	0.0324135360493799	3	3	Review.of.CFA.data	5
#FF9A7C	-0.0495373898479245	0.0324135360493799	3	3	CWIS	5
#FFE2D8	-0.0495373898479245	0.0324135360493799	3	3	Distance.Learning	5
#FFE9E1	-0.0495373898479245	0.0324135360493799	3	3	Virtual.Learning.Modules.and.or.PowerPoints	5
#FFF5F2	-0.0495373898479245	0.0324135360493799	3	3	Leadership.for.Effective.Implementation.of.District.Wide.Evidenced.Based.Practices	5
#E9D9FF	-0.0495373898479245	0.0324135360493799	3	3	Interaction.Type_Virtual	5
#E0CBFF	-0.0495373898479245	0.0324135360493799	3	3	Interaction.Type_In-person	5
#F2E8FF	-0.0495373898479245	0.0324135360493799	3	3	Interaction.Type_In-person and virtual	5
#EDE0FF	-0.0495373898479245	0.0324135360493799	3	3	Interaction.Type_Phone	5
#FDFCFF	-0.0495373898479245	0.0324135360493799	3	3	Interaction.Type_Unknown	5
#FFE9E0	-0.0495373898479245	0.0324135360493799	1	1	District.Leadership.Team.Members	6
#FFF6F2	-0.0495373898479245	0.0324135360493799	1	1	District.Contact.Person	6
#FFEDE6	-0.0495373898479245	0.0324135360493799	1	1	Building.Leadership.Team.Members	6
#FFE3D9	-0.0495373898479245	0.0324135360493799	1	1	Other.District.Administrators	6
#FFF6F2	-0.0495373898479245	0.0324135360493799	1	1	Other.Building.Administrators	6
#FFDFD4	-0.0495373898479245	0.0324135360493799	1	1	Building.level.Educators	6
#FFF8F6	-0.0495373898479245	0.0324135360493799	1	1	RPDC.Director	6
#FFEFE8	-0.0495373898479245	0.0324135360493799	1	1	Area.Supervisor	6
#F8F3FF	-0.0495373898479245	0.0324135360493799	1	1	Parents	6
#FFEFE9	-0.0495373898479245	0.0324135360493799	1	1	Collaborative.teams	6
#FFE8E0	-0.0495373898479245	0.0324135360493799	1	1	Common.formative.assessment	6
#FDFBFF	-0.0495373898479245	0.0324135360493799	1	1	Data.based.decision.making	6
#FFEAE2	-0.0495373898479245	0.0324135360493799	1	1	Effective.teaching.learning.practices	6
#FFE9E1	-0.0495373898479245	0.0324135360493799	1	1	Instructional.Leadership	6
#FFE3D9	-0.0495373898479245	0.0324135360493799	1	1	School.based.implementation.coaching	6
#FFECE4	-0.0495373898479245	0.0324135360493799	1	1	Collective.teacher.efficacy	6
#FFF6F3	-0.0495373898479245	0.0324135360493799	1	1	MMD.DCI.expectations.logistics.DESE.specifics	6
#FFF2ED	-0.0495373898479245	0.0324135360493799	1	1	Alignment.and.systems.planning	6
#FFC1AC	-0.0495373898479245	0.0324135360493799	1	1	Practice.profiles	6
#FFDBCE	-0.0495373898479245	0.0324135360493799	1	1	Self.assessment.practice.profile..SAPP.	6
#FF0000	-0.0495373898479245	0.0324135360493799	1	1	Learning.module.materials..i.e..power.points..handouts.	6
#FFC3AE	-0.0495373898479245	0.0324135360493799	1	1	DESE.virtual.learning.platform	6
#FCF9FF	-0.0495373898479245	0.0324135360493799	1	1	Review.of.CFA.data	6
#FFF6F3	-0.0495373898479245	0.0324135360493799	1	1	CWIS	6
#FFFBF9	-0.0495373898479245	0.0324135360493799	1	1	Distance.Learning	6
#FFD1C2	-0.0495373898479245	0.0324135360493799	1	1	Virtual.Learning.Modules.and.or.PowerPoints	6
#FFE9E1	-0.0495373898479245	0.0324135360493799	1	1	Leadership.for.Effective.Implementation.of.District.Wide.Evidenced.Based.Practices	6
#F9F4FF	-0.0495373898479245	0.0324135360493799	1	1	Interaction.Type_Virtual	6
#FBF8FF	-0.0495373898479245	0.0324135360493799	1	1	Interaction.Type_In-person	6
#F7F2FF	-0.0495373898479245	0.0324135360493799	1	1	Interaction.Type_In-person and virtual	6
#F9F4FF	-0.0495373898479245	0.0324135360493799	1	1	Interaction.Type_Phone	6
#F5EDFF	-0.0495373898479245	0.0324135360493799	1	1	Interaction.Type_Unknown	6
#FF0000	-0.0495373898479245	0.0324135360493799	1	1	District.Leadership.Team.Members	7
#FFCFBE	-0.0495373898479245	0.0324135360493799	1	1	District.Contact.Person	7
#FFB8A1	-0.0495373898479245	0.0324135360493799	1	1	Building.Leadership.Team.Members	7
#FFE5DB	-0.0495373898479245	0.0324135360493799	1	1	Other.District.Administrators	7
#FFF3EF	-0.0495373898479245	0.0324135360493799	1	1	Other.Building.Administrators	7
#FFDACC	-0.0495373898479245	0.0324135360493799	1	1	Building.level.Educators	7
#FFFCFA	-0.0495373898479245	0.0324135360493799	1	1	RPDC.Director	7
#FFFFFF	-0.0495373898479245	0.0324135360493799	1	1	Area.Supervisor	7
#FCFAFF	-0.0495373898479245	0.0324135360493799	1	1	Parents	7
#FFEAE2	-0.0495373898479245	0.0324135360493799	1	1	Collaborative.teams	7
#FEFDFF	-0.0495373898479245	0.0324135360493799	1	1	Common.formative.assessment	7
#FFF1EC	-0.0495373898479245	0.0324135360493799	1	1	Data.based.decision.making	7
#FFD7C8	-0.0495373898479245	0.0324135360493799	1	1	Effective.teaching.learning.practices	7
#FFFDFD	-0.0495373898479245	0.0324135360493799	1	1	Instructional.Leadership	7
#FFECE5	-0.0495373898479245	0.0324135360493799	1	1	School.based.implementation.coaching	7
#FCFAFF	-0.0495373898479245	0.0324135360493799	1	1	Collective.teacher.efficacy	7
#FFF0EA	-0.0495373898479245	0.0324135360493799	1	1	MMD.DCI.expectations.logistics.DESE.specifics	7
#FFE2D8	-0.0495373898479245	0.0324135360493799	1	1	Alignment.and.systems.planning	7
#FFDACD	-0.0495373898479245	0.0324135360493799	1	1	Practice.profiles	7
#FFC4B0	-0.0495373898479245	0.0324135360493799	1	1	Self.assessment.practice.profile..SAPP.	7
#FFE9E0	-0.0495373898479245	0.0324135360493799	1	1	Learning.module.materials..i.e..power.points..handouts.	7
#FFDDD1	-0.0495373898479245	0.0324135360493799	1	1	DESE.virtual.learning.platform	7
#FFF9F7	-0.0495373898479245	0.0324135360493799	1	1	Review.of.CFA.data	7
#FFD9CC	-0.0495373898479245	0.0324135360493799	1	1	CWIS	7
#FBF7FF	-0.0495373898479245	0.0324135360493799	1	1	Distance.Learning	7
#FBF8FF	-0.0495373898479245	0.0324135360493799	1	1	Virtual.Learning.Modules.and.or.PowerPoints	7
#FFF7F4	-0.0495373898479245	0.0324135360493799	1	1	Leadership.for.Effective.Implementation.of.District.Wide.Evidenced.Based.Practices	7
#EDDFFF	-0.0495373898479245	0.0324135360493799	1	1	Interaction.Type_Virtual	7
#E5D3FF	-0.0495373898479245	0.0324135360493799	1	1	Interaction.Type_In-person	7
#F7F0FF	-0.0495373898479245	0.0324135360493799	1	1	Interaction.Type_In-person and virtual	7
#E3D0FF	-0.0495373898479245	0.0324135360493799	1	1	Interaction.Type_Phone	7
#FAF7FF	-0.0495373898479245	0.0324135360493799	1	1	Interaction.Type_Unknown	7
#FBF7FF	-0.0495373898479245	0.0324135360493799	1	1	District.Leadership.Team.Members	8
#FFECE6	-0.0495373898479245	0.0324135360493799	1	1	District.Contact.Person	8
#F7F0FF	-0.0495373898479245	0.0324135360493799	1	1	Building.Leadership.Team.Members	8
#FEFDFF	-0.0495373898479245	0.0324135360493799	1	1	Other.District.Administrators	8
#F5EDFF	-0.0495373898479245	0.0324135360493799	1	1	Other.Building.Administrators	8
#F6EFFF	-0.0495373898479245	0.0324135360493799	1	1	Building.level.Educators	8
#F9F4FF	-0.0495373898479245	0.0324135360493799	1	1	RPDC.Director	8
#F9F5FF	-0.0495373898479245	0.0324135360493799	1	1	Area.Supervisor	8
#FCF9FF	-0.0495373898479245	0.0324135360493799	1	1	Parents	8
#FFE4DB	-0.0495373898479245	0.0324135360493799	1	1	Collaborative.teams	8
#FFEDE6	-0.0495373898479245	0.0324135360493799	1	1	Common.formative.assessment	8
#FFEAE3	-0.0495373898479245	0.0324135360493799	1	1	Data.based.decision.making	8
#FFE1D6	-0.0495373898479245	0.0324135360493799	1	1	Effective.teaching.learning.practices	8
#FDFBFF	-0.0495373898479245	0.0324135360493799	1	1	Instructional.Leadership	8
#FFD9CB	-0.0495373898479245	0.0324135360493799	1	1	School.based.implementation.coaching	8
#FFBBA5	-0.0495373898479245	0.0324135360493799	1	1	Collective.teacher.efficacy	8
#FFE2D8	-0.0495373898479245	0.0324135360493799	1	1	MMD.DCI.expectations.logistics.DESE.specifics	8
#FFFBF9	-0.0495373898479245	0.0324135360493799	1	1	Alignment.and.systems.planning	8
#FFF1EB	-0.0495373898479245	0.0324135360493799	1	1	Practice.profiles	8
#FFF3EE	-0.0495373898479245	0.0324135360493799	1	1	Self.assessment.practice.profile..SAPP.	8
#FFFBF9	-0.0495373898479245	0.0324135360493799	1	1	Learning.module.materials..i.e..power.points..handouts.	8
#FFDDD1	-0.0495373898479245	0.0324135360493799	1	1	DESE.virtual.learning.platform	8
#F3EAFF	-0.0495373898479245	0.0324135360493799	1	1	Review.of.CFA.data	8
#FCFAFF	-0.0495373898479245	0.0324135360493799	1	1	CWIS	8
#FF0000	-0.0495373898479245	0.0324135360493799	1	1	Distance.Learning	8
#FFAA90	-0.0495373898479245	0.0324135360493799	1	1	Virtual.Learning.Modules.and.or.PowerPoints	8
#FFFDFC	-0.0495373898479245	0.0324135360493799	1	1	Leadership.for.Effective.Implementation.of.District.Wide.Evidenced.Based.Practices	8
#FFFEFD	-0.0495373898479245	0.0324135360493799	1	1	Interaction.Type_Virtual	8
#F3EBFF	-0.0495373898479245	0.0324135360493799	1	1	Interaction.Type_In-person	8
#FFF9F7	-0.0495373898479245	0.0324135360493799	1	1	Interaction.Type_In-person and virtual	8
#FFFCFB	-0.0495373898479245	0.0324135360493799	1	1	Interaction.Type_Phone	8
#FCF9FF	-0.0495373898479245	0.0324135360493799	1	1	Interaction.Type_Unknown	8
#FFDACD	-0.0495373898479245	0.0324135360493799	2	2	District.Leadership.Team.Members	8
#FFE1D6	-0.0495373898479245	0.0324135360493799	2	2	District.Contact.Person	8
#FFE1D6	-0.0495373898479245	0.0324135360493799	2	2	Building.Leadership.Team.Members	8
#FFE3DA	-0.0495373898479245	0.0324135360493799	2	2	Other.District.Administrators	8
#FFF7F3	-0.0495373898479245	0.0324135360493799	2	2	Other.Building.Administrators	8
#FFE9E1	-0.0495373898479245	0.0324135360493799	2	2	Building.level.Educators	8
#FFF5F2	-0.0495373898479245	0.0324135360493799	2	2	RPDC.Director	8
#FBF7FF	-0.0495373898479245	0.0324135360493799	2	2	Area.Supervisor	8
#FDFBFF	-0.0495373898479245	0.0324135360493799	2	2	Parents	8
#FFE0D4	-0.0495373898479245	0.0324135360493799	2	2	Collaborative.teams	8
#FFFCFB	-0.0495373898479245	0.0324135360493799	2	2	Common.formative.assessment	8
#FFE8DF	-0.0495373898479245	0.0324135360493799	2	2	Data.based.decision.making	8
#FFD5C6	-0.0495373898479245	0.0324135360493799	2	2	Effective.teaching.learning.practices	8
#FFF2ED	-0.0495373898479245	0.0324135360493799	2	2	Instructional.Leadership	8
#FFEAE3	-0.0495373898479245	0.0324135360493799	2	2	School.based.implementation.coaching	8
#FFE8E0	-0.0495373898479245	0.0324135360493799	2	2	Collective.teacher.efficacy	8
#FFE7DE	-0.0495373898479245	0.0324135360493799	2	2	MMD.DCI.expectations.logistics.DESE.specifics	8
#FFF6F3	-0.0495373898479245	0.0324135360493799	2	2	Alignment.and.systems.planning	8
#FF0000	-0.0495373898479245	0.0324135360493799	2	2	Practice.profiles	8
#FFC4B1	-0.0495373898479245	0.0324135360493799	2	2	Self.assessment.practice.profile..SAPP.	8
#FFC1AC	-0.0495373898479245	0.0324135360493799	2	2	Learning.module.materials..i.e..power.points..handouts.	8
#FFC8B6	-0.0495373898479245	0.0324135360493799	2	2	DESE.virtual.learning.platform	8
#F7F0FF	-0.0495373898479245	0.0324135360493799	2	2	Review.of.CFA.data	8
#FFDED3	-0.0495373898479245	0.0324135360493799	2	2	CWIS	8
#FFF1EB	-0.0495373898479245	0.0324135360493799	2	2	Distance.Learning	8
#FFEEE7	-0.0495373898479245	0.0324135360493799	2	2	Virtual.Learning.Modules.and.or.PowerPoints	8
#FFFEFE	-0.0495373898479245	0.0324135360493799	2	2	Leadership.for.Effective.Implementation.of.District.Wide.Evidenced.Based.Practices	8
#EDE0FF	-0.0495373898479245	0.0324135360493799	2	2	Interaction.Type_Virtual	8
#F8F2FF	-0.0495373898479245	0.0324135360493799	2	2	Interaction.Type_In-person	8
#FDFCFF	-0.0495373898479245	0.0324135360493799	2	2	Interaction.Type_In-person and virtual	8
#ECDEFF	-0.0495373898479245	0.0324135360493799	2	2	Interaction.Type_Phone	8
#F7F2FF	-0.0495373898479245	0.0324135360493799	2	2	Interaction.Type_Unknown	8
#FFD9CC	-0.0495373898479245	0.0324135360493799	1	1	District.Leadership.Team.Members	9
#FFBBA5	-0.0495373898479245	0.0324135360493799	1	1	District.Contact.Person	9
#EBDCFF	-0.0495373898479245	0.0324135360493799	1	1	Building.Leadership.Team.Members	9
#FFEDE7	-0.0495373898479245	0.0324135360493799	1	1	Other.District.Administrators	9
#F1E6FF	-0.0495373898479245	0.0324135360493799	1	1	Other.Building.Administrators	9
#CCADFF	-0.0495373898479245	0.0324135360493799	1	1	Building.level.Educators	9
#FFE0D5	-0.0495373898479245	0.0324135360493799	1	1	RPDC.Director	9
#FFE5DB	-0.0495373898479245	0.0324135360493799	1	1	Area.Supervisor	9
#FFFDFD	-0.0495373898479245	0.0324135360493799	1	1	Parents	9
#F9F4FF	-0.0495373898479245	0.0324135360493799	1	1	Collaborative.teams	9
#F1E7FF	-0.0495373898479245	0.0324135360493799	1	1	Common.formative.assessment	9
#FFFFFF	-0.0495373898479245	0.0324135360493799	1	1	Data.based.decision.making	9
#EEE1FF	-0.0495373898479245	0.0324135360493799	1	1	Effective.teaching.learning.practices	9
#FFF3EE	-0.0495373898479245	0.0324135360493799	1	1	Instructional.Leadership	9
#FAF6FF	-0.0495373898479245	0.0324135360493799	1	1	School.based.implementation.coaching	9
#FFF4F0	-0.0495373898479245	0.0324135360493799	1	1	Collective.teacher.efficacy	9
#FF9A7C	-0.0495373898479245	0.0324135360493799	1	1	MMD.DCI.expectations.logistics.DESE.specifics	9
#FFC6B2	-0.0495373898479245	0.0324135360493799	1	1	Alignment.and.systems.planning	9
#FFDED3	-0.0495373898479245	0.0324135360493799	1	1	Practice.profiles	9
#FFA388	-0.0495373898479245	0.0324135360493799	1	1	Self.assessment.practice.profile..SAPP.	9
#FFF6F3	-0.0495373898479245	0.0324135360493799	1	1	Learning.module.materials..i.e..power.points..handouts.	9
#FFBDA8	-0.0495373898479245	0.0324135360493799	1	1	DESE.virtual.learning.platform	9
#F7F0FF	-0.0495373898479245	0.0324135360493799	1	1	Review.of.CFA.data	9
#FF0000	-0.0495373898479245	0.0324135360493799	1	1	CWIS	9
#FCFAFF	-0.0495373898479245	0.0324135360493799	1	1	Distance.Learning	9
#FFF6F2	-0.0495373898479245	0.0324135360493799	1	1	Virtual.Learning.Modules.and.or.PowerPoints	9
#FEFDFF	-0.0495373898479245	0.0324135360493799	1	1	Leadership.for.Effective.Implementation.of.District.Wide.Evidenced.Based.Practices	9
#EADAFF	-0.0495373898479245	0.0324135360493799	1	1	Interaction.Type_Virtual	9
#DEC7FF	-0.0495373898479245	0.0324135360493799	1	1	Interaction.Type_In-person	9
#F3EBFF	-0.0495373898479245	0.0324135360493799	1	1	Interaction.Type_In-person and virtual	9
#E8D7FF	-0.0495373898479245	0.0324135360493799	1	1	Interaction.Type_Phone	9
#F7F0FF	-0.0495373898479245	0.0324135360493799	1	1	Interaction.Type_Unknown	9
#FFFCFA	-0.0495373898479245	0.0324135360493799	2	2	District.Leadership.Team.Members	9
#FFFEFE	-0.0495373898479245	0.0324135360493799	2	2	District.Contact.Person	9
#FFFCFB	-0.0495373898479245	0.0324135360493799	2	2	Building.Leadership.Team.Members	9
#FFCDBC	-0.0495373898479245	0.0324135360493799	2	2	Other.District.Administrators	9
#FBF7FF	-0.0495373898479245	0.0324135360493799	2	2	Other.Building.Administrators	9
#E6D4FF	-0.0495373898479245	0.0324135360493799	2	2	Building.level.Educators	9
#FF0000	-0.0495373898479245	0.0324135360493799	2	2	RPDC.Director	9
#FFE9E1	-0.0495373898479245	0.0324135360493799	2	2	Area.Supervisor	9
#FFEBE4	-0.0495373898479245	0.0324135360493799	2	2	Parents	9
#FFF9F7	-0.0495373898479245	0.0324135360493799	2	2	Collaborative.teams	9
#F8F3FF	-0.0495373898479245	0.0324135360493799	2	2	Common.formative.assessment	9
#FEFCFF	-0.0495373898479245	0.0324135360493799	2	2	Data.based.decision.making	9
#F8F3FF	-0.0495373898479245	0.0324135360493799	2	2	Effective.teaching.learning.practices	9
#FFEDE6	-0.0495373898479245	0.0324135360493799	2	2	Instructional.Leadership	9
#FFFFFF	-0.0495373898479245	0.0324135360493799	2	2	School.based.implementation.coaching	9
#F9F4FF	-0.0495373898479245	0.0324135360493799	2	2	Collective.teacher.efficacy	9
#FFD9CC	-0.0495373898479245	0.0324135360493799	2	2	MMD.DCI.expectations.logistics.DESE.specifics	9
#FFD1C1	-0.0495373898479245	0.0324135360493799	2	2	Alignment.and.systems.planning	9
#FFF5F2	-0.0495373898479245	0.0324135360493799	2	2	Practice.profiles	9
#FFFFFF	-0.0495373898479245	0.0324135360493799	2	2	Self.assessment.practice.profile..SAPP.	9
#FFF8F6	-0.0495373898479245	0.0324135360493799	2	2	Learning.module.materials..i.e..power.points..handouts.	9
#FFDED2	-0.0495373898479245	0.0324135360493799	2	2	DESE.virtual.learning.platform	9
#F7F0FF	-0.0495373898479245	0.0324135360493799	2	2	Review.of.CFA.data	9
#FFE0D5	-0.0495373898479245	0.0324135360493799	2	2	CWIS	9
#F9F4FF	-0.0495373898479245	0.0324135360493799	2	2	Distance.Learning	9
#F7F1FF	-0.0495373898479245	0.0324135360493799	2	2	Virtual.Learning.Modules.and.or.PowerPoints	9
#FFEFE9	-0.0495373898479245	0.0324135360493799	2	2	Leadership.for.Effective.Implementation.of.District.Wide.Evidenced.Based.Practices	9
#F5EEFF	-0.0495373898479245	0.0324135360493799	2	2	Interaction.Type_Virtual	9
#FAF6FF	-0.0495373898479245	0.0324135360493799	2	2	Interaction.Type_In-person	9
#FAF6FF	-0.0495373898479245	0.0324135360493799	2	2	Interaction.Type_In-person and virtual	9
#FFFEFD	-0.0495373898479245	0.0324135360493799	2	2	Interaction.Type_Phone	9
#FFDACD	-0.0495373898479245	0.0324135360493799	2	2	Interaction.Type_Unknown	9
#FFD7C8	-0.0495373898479245	0.0324135360493799	1	1	District.Leadership.Team.Members	10
#F6EEFF	-0.0495373898479245	0.0324135360493799	1	1	District.Contact.Person	10
#FFB59E	-0.0495373898479245	0.0324135360493799	1	1	Building.Leadership.Team.Members	10
#FFF1EC	-0.0495373898479245	0.0324135360493799	1	1	Other.District.Administrators	10
#FFEAE3	-0.0495373898479245	0.0324135360493799	1	1	Other.Building.Administrators	10
#FFBAA4	-0.0495373898479245	0.0324135360493799	1	1	Building.level.Educators	10
#F8F3FF	-0.0495373898479245	0.0324135360493799	1	1	RPDC.Director	10
#FEFEFF	-0.0495373898479245	0.0324135360493799	1	1	Area.Supervisor	10
#FFF7F4	-0.0495373898479245	0.0324135360493799	1	1	Parents	10
#FFEEE7	-0.0495373898479245	0.0324135360493799	1	1	Collaborative.teams	10
#FDFBFF	-0.0495373898479245	0.0324135360493799	1	1	Common.formative.assessment	10
#FFF2ED	-0.0495373898479245	0.0324135360493799	1	1	Data.based.decision.making	10
#FF0000	-0.0495373898479245	0.0324135360493799	1	1	Effective.teaching.learning.practices	10
#FCF9FF	-0.0495373898479245	0.0324135360493799	1	1	Instructional.Leadership	10
#FFD1C1	-0.0495373898479245	0.0324135360493799	1	1	School.based.implementation.coaching	10
#FFECE5	-0.0495373898479245	0.0324135360493799	1	1	Collective.teacher.efficacy	10
#EDE0FF	-0.0495373898479245	0.0324135360493799	1	1	MMD.DCI.expectations.logistics.DESE.specifics	10
#FFF9F7	-0.0495373898479245	0.0324135360493799	1	1	Alignment.and.systems.planning	10
#FFD5C6	-0.0495373898479245	0.0324135360493799	1	1	Practice.profiles	10
#FFE3D9	-0.0495373898479245	0.0324135360493799	1	1	Self.assessment.practice.profile..SAPP.	10
#FFEAE2	-0.0495373898479245	0.0324135360493799	1	1	Learning.module.materials..i.e..power.points..handouts.	10
#FFFAF9	-0.0495373898479245	0.0324135360493799	1	1	DESE.virtual.learning.platform	10
#F4ECFF	-0.0495373898479245	0.0324135360493799	1	1	Review.of.CFA.data	10
#EEE1FF	-0.0495373898479245	0.0324135360493799	1	1	CWIS	10
#FFE1D6	-0.0495373898479245	0.0324135360493799	1	1	Distance.Learning	10
#FCFAFF	-0.0495373898479245	0.0324135360493799	1	1	Virtual.Learning.Modules.and.or.PowerPoints	10
#F4ECFF	-0.0495373898479245	0.0324135360493799	1	1	Leadership.for.Effective.Implementation.of.District.Wide.Evidenced.Based.Practices	10
#FFFEFE	-0.0495373898479245	0.0324135360493799	1	1	Interaction.Type_Virtual	10
#FFEDE7	-0.0495373898479245	0.0324135360493799	1	1	Interaction.Type_In-person	10
#FFF1EC	-0.0495373898479245	0.0324135360493799	1	1	Interaction.Type_In-person and virtual	10
#FBF8FF	-0.0495373898479245	0.0324135360493799	1	1	Interaction.Type_Phone	10
#FFFBFA	-0.0495373898479245	0.0324135360493799	1	1	Interaction.Type_Unknown	10
#FFDACC	-0.0495373898479245	0.0324135360493799	1	1	District.Leadership.Team.Members	11
#E6D4FF	-0.0495373898479245	0.0324135360493799	1	1	District.Contact.Person	11
#FFA084	-0.0495373898479245	0.0324135360493799	1	1	Building.Leadership.Team.Members	11
#FCF9FF	-0.0495373898479245	0.0324135360493799	1	1	Other.District.Administrators	11
#FFCAB8	-0.0495373898479245	0.0324135360493799	1	1	Other.Building.Administrators	11
#FF0000	-0.0495373898479245	0.0324135360493799	1	1	Building.level.Educators	11
#E6D4FF	-0.0495373898479245	0.0324135360493799	1	1	RPDC.Director	11
#FDFBFF	-0.0495373898479245	0.0324135360493799	1	1	Area.Supervisor	11
#F8F3FF	-0.0495373898479245	0.0324135360493799	1	1	Parents	11
#FFFAF8	-0.0495373898479245	0.0324135360493799	1	1	Collaborative.teams	11
#FFD3C3	-0.0495373898479245	0.0324135360493799	1	1	Common.formative.assessment	11
#FBF8FF	-0.0495373898479245	0.0324135360493799	1	1	Data.based.decision.making	11
#FFBAA4	-0.0495373898479245	0.0324135360493799	1	1	Effective.teaching.learning.practices	11
#ECDEFF	-0.0495373898479245	0.0324135360493799	1	1	Instructional.Leadership	11
#FFF8F5	-0.0495373898479245	0.0324135360493799	1	1	School.based.implementation.coaching	11
#F5EEFF	-0.0495373898479245	0.0324135360493799	1	1	Collective.teacher.efficacy	11
#C8A7FF	-0.0495373898479245	0.0324135360493799	1	1	MMD.DCI.expectations.logistics.DESE.specifics	11
#F1E7FF	-0.0495373898479245	0.0324135360493799	1	1	Alignment.and.systems.planning	11
#FFE9E1	-0.0495373898479245	0.0324135360493799	1	1	Practice.profiles	11
#EBDCFF	-0.0495373898479245	0.0324135360493799	1	1	Self.assessment.practice.profile..SAPP.	11
#FFDFD4	-0.0495373898479245	0.0324135360493799	1	1	Learning.module.materials..i.e..power.points..handouts.	11
#E7D6FF	-0.0495373898479245	0.0324135360493799	1	1	DESE.virtual.learning.platform	11
#FFE0D5	-0.0495373898479245	0.0324135360493799	1	1	Review.of.CFA.data	11
#CCADFF	-0.0495373898479245	0.0324135360493799	1	1	CWIS	11
#F6EFFF	-0.0495373898479245	0.0324135360493799	1	1	Distance.Learning	11
#F2E8FF	-0.0495373898479245	0.0324135360493799	1	1	Virtual.Learning.Modules.and.or.PowerPoints	11
#F1E7FF	-0.0495373898479245	0.0324135360493799	1	1	Leadership.for.Effective.Implementation.of.District.Wide.Evidenced.Based.Practices	11
#FFF0EB	-0.0495373898479245	0.0324135360493799	1	1	Interaction.Type_Virtual	11
#FFD1C1	-0.0495373898479245	0.0324135360493799	1	1	Interaction.Type_In-person	11
#FFF8F5	-0.0495373898479245	0.0324135360493799	1	1	Interaction.Type_In-person and virtual	11
#F6EFFF	-0.0495373898479245	0.0324135360493799	1	1	Interaction.Type_Phone	11
#FAF5FF	-0.0495373898479245	0.0324135360493799	1	1	Interaction.Type_Unknown	11
#FFEAE2	-0.0495373898479245	0.0324135360493799	2	2	District.Leadership.Team.Members	11
#EFE4FF	-0.0495373898479245	0.0324135360493799	2	2	District.Contact.Person	11
#FFD1C1	-0.0495373898479245	0.0324135360493799	2	2	Building.Leadership.Team.Members	11
#FFF6F3	-0.0495373898479245	0.0324135360493799	2	2	Other.District.Administrators	11
#FFF9F7	-0.0495373898479245	0.0324135360493799	2	2	Other.Building.Administrators	11
#FFFAF8	-0.0495373898479245	0.0324135360493799	2	2	Building.level.Educators	11
#FFF9F7	-0.0495373898479245	0.0324135360493799	2	2	RPDC.Director	11
#FCFAFF	-0.0495373898479245	0.0324135360493799	2	2	Area.Supervisor	11
#FFF1EB	-0.0495373898479245	0.0324135360493799	2	2	Parents	11
#FF0000	-0.0495373898479245	0.0324135360493799	2	2	Collaborative.teams	11
#FFBDA8	-0.0495373898479245	0.0324135360493799	2	2	Common.formative.assessment	11
#FFA98E	-0.0495373898479245	0.0324135360493799	2	2	Data.based.decision.making	11
#FFEEE7	-0.0495373898479245	0.0324135360493799	2	2	Effective.teaching.learning.practices	11
#FFDDD1	-0.0495373898479245	0.0324135360493799	2	2	Instructional.Leadership	11
#FFD8CB	-0.0495373898479245	0.0324135360493799	2	2	School.based.implementation.coaching	11
#FFD7C9	-0.0495373898479245	0.0324135360493799	2	2	Collective.teacher.efficacy	11
#FCF9FF	-0.0495373898479245	0.0324135360493799	2	2	MMD.DCI.expectations.logistics.DESE.specifics	11
#FFF5F1	-0.0495373898479245	0.0324135360493799	2	2	Alignment.and.systems.planning	11
#FFE0D4	-0.0495373898479245	0.0324135360493799	2	2	Practice.profiles	11
#FFE1D7	-0.0495373898479245	0.0324135360493799	2	2	Self.assessment.practice.profile..SAPP.	11
#FFEFE9	-0.0495373898479245	0.0324135360493799	2	2	Learning.module.materials..i.e..power.points..handouts.	11
#FFE0D5	-0.0495373898479245	0.0324135360493799	2	2	DESE.virtual.learning.platform	11
#FFEFE9	-0.0495373898479245	0.0324135360493799	2	2	Review.of.CFA.data	11
#F9F4FF	-0.0495373898479245	0.0324135360493799	2	2	CWIS	11
#FFE4DB	-0.0495373898479245	0.0324135360493799	2	2	Distance.Learning	11
#FAF6FF	-0.0495373898479245	0.0324135360493799	2	2	Virtual.Learning.Modules.and.or.PowerPoints	11
#FBF8FF	-0.0495373898479245	0.0324135360493799	2	2	Leadership.for.Effective.Implementation.of.District.Wide.Evidenced.Based.Practices	11
#FEFDFF	-0.0495373898479245	0.0324135360493799	2	2	Interaction.Type_Virtual	11
#FFE7DF	-0.0495373898479245	0.0324135360493799	2	2	Interaction.Type_In-person	11
#FEFDFF	-0.0495373898479245	0.0324135360493799	2	2	Interaction.Type_In-person and virtual	11
#FFFAF8	-0.0495373898479245	0.0324135360493799	2	2	Interaction.Type_Phone	11
#FFEAE2	-0.0495373898479245	0.0324135360493799	2	2	Interaction.Type_Unknown	11
#FEFDFF	-0.0495373898479245	0.0324135360493799	3	3	District.Leadership.Team.Members	11
#ECDEFF	-0.0495373898479245	0.0324135360493799	3	3	District.Contact.Person	11
#FFE9E1	-0.0495373898479245	0.0324135360493799	3	3	Building.Leadership.Team.Members	11
#FBF8FF	-0.0495373898479245	0.0324135360493799	3	3	Other.District.Administrators	11
#FFE8DF	-0.0495373898479245	0.0324135360493799	3	3	Other.Building.Administrators	11
#FFD3C3	-0.0495373898479245	0.0324135360493799	3	3	Building.level.Educators	11
#F8F3FF	-0.0495373898479245	0.0324135360493799	3	3	RPDC.Director	11
#FBF8FF	-0.0495373898479245	0.0324135360493799	3	3	Area.Supervisor	11
#FAF7FF	-0.0495373898479245	0.0324135360493799	3	3	Parents	11
#FFBDA8	-0.0495373898479245	0.0324135360493799	3	3	Collaborative.teams	11
#FF0000	-0.0495373898479245	0.0324135360493799	3	3	Common.formative.assessment	11
#FFD0BF	-0.0495373898479245	0.0324135360493799	3	3	Data.based.decision.making	11
#FDFBFF	-0.0495373898479245	0.0324135360493799	3	3	Effective.teaching.learning.practices	11
#FFF8F5	-0.0495373898479245	0.0324135360493799	3	3	Instructional.Leadership	11
#FFE5DC	-0.0495373898479245	0.0324135360493799	3	3	School.based.implementation.coaching	11
#FFE4DB	-0.0495373898479245	0.0324135360493799	3	3	Collective.teacher.efficacy	11
#F2E9FF	-0.0495373898479245	0.0324135360493799	3	3	MMD.DCI.expectations.logistics.DESE.specifics	11
#FCF9FF	-0.0495373898479245	0.0324135360493799	3	3	Alignment.and.systems.planning	11
#FFFCFB	-0.0495373898479245	0.0324135360493799	3	3	Practice.profiles	11
#FBF7FF	-0.0495373898479245	0.0324135360493799	3	3	Self.assessment.practice.profile..SAPP.	11
#FFE8E0	-0.0495373898479245	0.0324135360493799	3	3	Learning.module.materials..i.e..power.points..handouts.	11
#FFF2ED	-0.0495373898479245	0.0324135360493799	3	3	DESE.virtual.learning.platform	11
#FFBBA5	-0.0495373898479245	0.0324135360493799	3	3	Review.of.CFA.data	11
#F1E7FF	-0.0495373898479245	0.0324135360493799	3	3	CWIS	11
#FFEDE6	-0.0495373898479245	0.0324135360493799	3	3	Distance.Learning	11
#FFFCFA	-0.0495373898479245	0.0324135360493799	3	3	Virtual.Learning.Modules.and.or.PowerPoints	11
#FCFAFF	-0.0495373898479245	0.0324135360493799	3	3	Leadership.for.Effective.Implementation.of.District.Wide.Evidenced.Based.Practices	11
#FFE9E1	-0.0495373898479245	0.0324135360493799	3	3	Interaction.Type_Virtual	11
#FFF0EA	-0.0495373898479245	0.0324135360493799	3	3	Interaction.Type_In-person	11
#FFF6F2	-0.0495373898479245	0.0324135360493799	3	3	Interaction.Type_In-person and virtual	11
#FFFDFC	-0.0495373898479245	0.0324135360493799	3	3	Interaction.Type_Phone	11
#FFFDFD	-0.0495373898479245	0.0324135360493799	3	3	Interaction.Type_Unknown	11
#FFECE5	-0.0495373898479245	0.0324135360493799	4	4	District.Leadership.Team.Members	11
#FFFAF8	-0.0495373898479245	0.0324135360493799	4	4	District.Contact.Person	11
#FFDFD4	-0.0495373898479245	0.0324135360493799	4	4	Building.Leadership.Team.Members	11
#FFF9F7	-0.0495373898479245	0.0324135360493799	4	4	Other.District.Administrators	11
#F5EEFF	-0.0495373898479245	0.0324135360493799	4	4	Other.Building.Administrators	11
#FFF8F5	-0.0495373898479245	0.0324135360493799	4	4	Building.level.Educators	11
#FFFFFF	-0.0495373898479245	0.0324135360493799	4	4	RPDC.Director	11
#FFF8F6	-0.0495373898479245	0.0324135360493799	4	4	Area.Supervisor	11
#FEFCFF	-0.0495373898479245	0.0324135360493799	4	4	Parents	11
#FFD8CB	-0.0495373898479245	0.0324135360493799	4	4	Collaborative.teams	11
#FFE5DC	-0.0495373898479245	0.0324135360493799	4	4	Common.formative.assessment	11
#FFDACD	-0.0495373898479245	0.0324135360493799	4	4	Data.based.decision.making	11
#FFD1C1	-0.0495373898479245	0.0324135360493799	4	4	Effective.teaching.learning.practices	11
#FFD2C2	-0.0495373898479245	0.0324135360493799	4	4	Instructional.Leadership	11
#FF0000	-0.0495373898479245	0.0324135360493799	4	4	School.based.implementation.coaching	11
#FFCAB8	-0.0495373898479245	0.0324135360493799	4	4	Collective.teacher.efficacy	11
#FFE7DE	-0.0495373898479245	0.0324135360493799	4	4	MMD.DCI.expectations.logistics.DESE.specifics	11
#FFECE5	-0.0495373898479245	0.0324135360493799	4	4	Alignment.and.systems.planning	11
#FFEAE3	-0.0495373898479245	0.0324135360493799	4	4	Practice.profiles	11
#FFE2D8	-0.0495373898479245	0.0324135360493799	4	4	Self.assessment.practice.profile..SAPP.	11
#FFE3D9	-0.0495373898479245	0.0324135360493799	4	4	Learning.module.materials..i.e..power.points..handouts.	11
#FFDCD0	-0.0495373898479245	0.0324135360493799	4	4	DESE.virtual.learning.platform	11
#FFFEFE	-0.0495373898479245	0.0324135360493799	4	4	Review.of.CFA.data	11
#FAF6FF	-0.0495373898479245	0.0324135360493799	4	4	CWIS	11
#FFD9CB	-0.0495373898479245	0.0324135360493799	4	4	Distance.Learning	11
#FFF8F5	-0.0495373898479245	0.0324135360493799	4	4	Virtual.Learning.Modules.and.or.PowerPoints	11
#FCF9FF	-0.0495373898479245	0.0324135360493799	4	4	Leadership.for.Effective.Implementation.of.District.Wide.Evidenced.Based.Practices	11
#F6EEFF	-0.0495373898479245	0.0324135360493799	4	4	Interaction.Type_Virtual	11
#FFFDFD	-0.0495373898479245	0.0324135360493799	4	4	Interaction.Type_In-person	11
#F8F2FF	-0.0495373898479245	0.0324135360493799	4	4	Interaction.Type_In-person and virtual	11
#FFFEFF	-0.0495373898479245	0.0324135360493799	4	4	Interaction.Type_Phone	11
#FFFAF8	-0.0495373898479245	0.0324135360493799	4	4	Interaction.Type_Unknown	11
