group	x
1	2
2	1
3	4
4	1
5	1
6	2
7	4
8	2
9	3
10	2
11	1
12	2
13	4
14	2
15	4
16	1
17	1
18	2
19	1
20	1
21	3
22	4
23	2
24	2
25	3
26	4
27	1
28	4
29	1
30	3
31	1
32	4
33	4
34	4
35	2
36	1
37	1
38	2
39	2
40	1
41	1
42	3
43	1
44	1
45	2
46	2
47	2
48	1
49	4
50	1
51	3
52	2
53	1
54	1
55	4
56	1
57	1
58	4
59	1
60	1
61	2
62	1
63	1
64	2
65	1
66	2
67	3
68	3
69	4
70	2
71	3
72	4
73	1
74	4
75	1
76	2
77	3
78	3
79	2
80	4
81	1
82	1
83	2
84	2
85	3
86	2
87	2
88	1
89	2
90	2
91	1
92	3
93	2
94	1
95	3
96	2
97	2
98	1
99	4
100	4
101	1
102	3
103	1
104	3
105	2
106	2
107	1
108	3
109	2
110	4
111	1
112	1
113	1
114	1
115	3
116	4
117	4
118	3
119	1
120	2
121	2
122	2
123	1
124	2
125	1
126	1
127	1
128	3
129	1
130	1
131	1
132	1
133	2
134	4
135	1
136	2
137	1
138	2
139	1
140	1
141	1
142	2
143	2
144	2
145	1
146	2
147	1
148	1
149	2
150	1
151	1
152	4
153	4
154	4
155	1
156	2
157	1
158	2
159	1
160	1
161	1
162	4
163	1
164	4
165	1
166	2
167	3
168	3
169	4
170	2
171	4
172	1
173	1
174	2
175	2
176	2
177	1
178	3
179	1
180	1
181	3
182	1
183	1
184	1
185	1
186	1
187	2
188	3
189	2
190	2
191	1
192	2
193	2
194	2
195	2
196	1
197	2
198	4
199	4
200	4
201	1
202	1
203	1
204	2
205	1
206	2
207	1
208	2
209	1
210	4
211	2
212	1
213	1
214	1
215	3
216	1
217	2
218	1
219	1
220	1
221	2
222	1
223	1
224	3
225	1
226	1
227	1
228	3
229	2
230	2
231	2
232	1
233	1
234	1
235	3
236	4
237	2
238	4
239	2
240	4
241	2
242	1
243	1
244	1
245	1
246	1
247	1
248	4
249	1
250	2
251	4
252	1
253	3
254	1
255	1
256	2
257	2
258	2
259	1
260	4
261	1
262	2
263	1
264	2
265	4
266	1
267	1
268	4
269	1
270	1
271	1
272	2
273	3
274	1
275	1
276	1
277	1
278	1
279	1
280	1
281	3
282	3
283	4
284	1
285	2
286	1
287	1
288	1
289	1
290	4
291	1
292	1
293	3
294	2
295	1
296	3
297	3
298	4
299	2
300	4
301	2
302	2
303	1
304	4
305	2
306	1
307	3
308	2
309	3
310	1
311	2
312	2
313	1
314	1
315	4
316	4
317	2
318	1
319	3
320	2
321	4
322	1
323	2
324	1
325	4
326	1
327	1
328	2
329	4
330	2
331	3
332	2
333	1
334	2
335	4
336	2
337	4
338	1
339	1
340	2
341	1
342	1
343	3
344	4
345	2
346	2
347	3
348	4
349	1
350	4
351	1
352	3
353	1
354	4
355	4
356	4
357	2
358	1
359	1
360	2
361	2
362	1
363	1
364	3
365	1
366	1
367	2
368	2
369	2
370	1
371	4
372	1
373	3
374	2
375	1
376	1
377	4
378	1
379	1
380	4
381	1
382	1
383	2
384	1
385	1
386	2
387	1
388	2
389	3
390	3
391	4
392	2
393	3
394	4
395	1
396	4
397	1
398	2
399	3
400	3
401	2
402	4
403	1
404	1
405	2
406	2
407	3
408	2
409	2
410	1
411	2
412	2
413	1
414	3
415	2
416	1
417	3
418	2
419	2
420	1
421	4
422	4
423	1
424	3
425	1
426	3
427	2
428	2
429	1
430	3
431	2
432	4
433	1
434	1
435	1
436	1
437	3
438	4
439	4
440	3
441	1
442	2
443	2
444	2
445	1
446	2
447	1
448	1
449	1
450	3
451	1
452	1
453	1
454	1
455	2
456	4
457	1
458	2
459	1
460	2
461	1
462	1
463	1
464	2
465	2
466	2
467	1
468	2
469	1
470	1
471	2
472	1
473	1
474	4
475	4
476	4
477	1
478	2
479	1
480	2
481	1
482	1
483	1
484	4
485	1
486	4
487	1
488	2
489	3
490	3
491	4
492	2
493	4
494	1
495	1
496	2
497	2
498	2
499	1
500	3
501	1
502	1
503	3
504	1
505	1
506	1
507	1
508	1
509	2
510	3
511	2
512	2
513	1
514	2
515	2
516	2
517	2
518	1
519	2
520	4
521	4
522	4
523	1
524	1
525	1
526	2
527	1
528	2
529	1
530	2
531	1
532	4
533	2
534	1
535	1
536	1
537	3
538	1
539	2
540	1
541	1
542	1
543	2
544	1
545	1
546	3
547	1
548	1
549	1
550	3
551	2
552	2
553	2
554	1
555	1
556	1
557	3
558	4
559	2
560	4
561	2
562	4
563	2
564	1
565	1
566	1
567	1
568	1
569	1
570	4
571	1
572	2
573	4
574	1
575	3
576	1
577	1
578	2
579	2
580	2
581	1
582	4
583	1
584	2
585	1
586	2
587	4
588	1
589	1
590	4
591	1
592	1
593	1
594	2
595	3
596	1
597	1
598	1
599	1
600	1
601	1
602	1
603	3
604	3
605	4
606	1
607	2
608	1
609	1
610	1
611	1
612	4
613	1
614	1
615	3
616	2
617	1
618	3
619	3
620	4
621	2
622	4
623	2
624	2
625	1
626	4
627	2
628	1
629	3
630	2
631	3
632	1
633	2
634	2
635	1
636	1
637	4
638	4
639	2
640	1
641	3
642	2
643	4
644	1
645	2
646	1
647	4
648	1
649	1
650	2
651	4
652	2
653	3
654	2
655	1
656	2
657	4
658	2
659	4
660	1
661	1
662	2
663	1
664	1
665	3
666	4
667	2
668	2
669	3
670	4
671	1
672	4
673	1
674	3
675	1
676	4
677	4
678	4
679	2
680	1
681	1
682	2
683	2
684	1
685	1
686	3
687	1
688	1
689	2
690	2
691	2
692	1
693	4
694	1
695	3
696	2
697	1
698	1
699	4
700	1
701	1
702	4
703	1
704	1
705	2
706	1
707	1
708	2
709	1
710	2
711	3
712	3
713	4
714	2
715	3
716	4
717	1
718	4
719	1
720	2
721	3
722	3
723	2
724	4
725	1
726	1
727	2
728	2
729	3
730	2
731	2
732	1
733	2
734	2
735	1
736	3
737	2
738	1
739	3
740	2
741	2
742	1
743	4
744	4
745	1
746	3
747	1
748	3
749	2
750	2
751	1
752	3
753	2
754	4
755	1
756	1
757	1
758	1
759	3
760	4
761	4
762	3
763	1
764	2
765	2
766	2
767	1
768	2
769	1
770	1
771	1
772	3
773	1
774	1
775	1
776	1
777	2
778	4
779	1
780	2
781	1
782	2
783	1
784	1
785	1
786	2
787	2
788	2
789	1
790	2
791	1
792	1
793	2
794	1
795	1
796	4
797	4
798	4
799	1
800	2
801	1
802	2
803	1
804	1
805	1
806	4
807	1
808	4
809	1
810	2
811	3
812	3
813	4
814	2
815	4
816	1
817	1
818	2
819	2
820	2
821	1
822	3
823	1
824	1
825	3
826	1
827	1
828	1
829	1
830	1
831	2
832	3
833	2
834	2
835	1
836	2
837	2
838	2
839	2
840	1
841	2
842	4
843	4
844	4
845	1
846	1
847	1
848	2
849	1
850	2
851	1
852	2
853	1
854	4
855	2
856	1
857	1
858	1
859	3
860	1
861	2
862	1
863	1
864	1
865	2
866	1
867	1
868	3
869	1
870	1
871	1
872	3
873	2
874	2
875	2
876	1
877	1
878	1
879	3
880	4
881	2
882	4
883	2
884	4
885	2
886	1
887	1
888	1
889	1
890	1
891	1
892	4
893	1
894	2
895	4
896	1
897	3
898	1
899	1
900	2
901	2
902	2
903	1
904	4
905	1
906	2
907	1
908	2
909	4
910	1
911	1
912	4
913	1
914	1
915	1
916	2
917	3
918	1
919	1
920	1
921	1
922	1
923	1
924	1
925	3
926	3
927	4
928	1
929	2
930	1
931	1
932	1
933	1
934	4
935	1
936	1
937	3
938	2
939	1
940	3
941	3
942	4
943	2
944	4
945	2
946	2
947	1
948	4
949	2
950	1
951	3
952	2
953	3
954	1
955	2
956	2
957	1
958	1
959	4
960	4
961	2
962	1
963	3
964	2
965	4
966	1
967	2
968	1
969	4
970	1
971	1
972	2
973	4
974	2
975	3
976	2
977	1
978	2
979	4
980	2
981	4
982	1
983	1
984	2
985	1
986	1
987	3
988	4
989	2
990	2
991	3
992	4
993	1
994	4
995	1
996	3
997	1
998	4
999	4
1000	4
1001	2
1002	1
1003	1
1004	2
1005	2
1006	1
1007	1
1008	3
1009	1
1010	1
1011	2
1012	2
1013	2
1014	1
1015	4
1016	1
1017	3
1018	2
1019	1
1020	1
1021	4
1022	1
1023	1
1024	4
1025	1
1026	1
1027	2
1028	1
1029	1
1030	2
1031	1
1032	2
1033	3
1034	3
1035	4
1036	2
1037	3
1038	4
1039	1
1040	4
1041	1
1042	2
1043	3
1044	3
1045	2
1046	4
1047	1
1048	1
1049	2
1050	2
1051	3
1052	2
1053	2
1054	1
1055	2
1056	2
1057	1
1058	3
1059	2
1060	1
1061	3
1062	2
1063	2
1064	1
1065	4
1066	4
1067	1
1068	3
1069	1
1070	3
1071	2
1072	2
1073	1
1074	3
1075	2
1076	4
1077	1
1078	1
1079	1
1080	1
1081	3
1082	4
1083	4
1084	3
1085	1
1086	2
1087	2
1088	2
1089	1
1090	2
1091	1
1092	1
1093	1
1094	3
1095	1
1096	1
1097	1
1098	1
1099	2
1100	4
1101	1
1102	2
1103	1
1104	2
1105	1
1106	1
1107	1
1108	2
1109	2
1110	2
1111	1
1112	2
1113	1
1114	1
1115	2
1116	1
1117	1
1118	4
1119	4
1120	4
1121	1
1122	2
1123	1
1124	2
1125	1
1126	1
1127	1
1128	4
1129	1
1130	4
1131	1
1132	2
1133	3
1134	3
1135	4
1136	2
1137	4
1138	1
1139	1
1140	2
1141	2
1142	2
1143	1
1144	3
1145	1
1146	1
1147	3
1148	1
1149	1
1150	1
1151	1
1152	1
1153	2
1154	3
1155	2
1156	2
1157	1
1158	2
1159	2
1160	2
1161	2
1162	1
1163	2
1164	4
1165	4
1166	4
1167	1
1168	1
1169	1
1170	2
1171	1
1172	2
1173	1
1174	2
1175	1
1176	4
1177	2
1178	1
1179	1
1180	1
1181	3
1182	1
1183	2
1184	1
1185	1
1186	1
1187	2
1188	1
1189	1
1190	3
1191	1
1192	1
1193	1
1194	3
1195	2
1196	2
1197	2
1198	1
1199	1
1200	1
1201	3
1202	4
1203	2
1204	4
1205	2
1206	4
1207	2
1208	1
1209	1
1210	1
1211	1
1212	1
1213	1
1214	4
1215	1
1216	2
1217	4
1218	1
1219	3
1220	1
1221	1
1222	2
1223	2
1224	2
1225	1
1226	4
1227	1
1228	2
1229	1
1230	2
1231	4
1232	1
1233	1
1234	4
1235	1
1236	1
1237	1
1238	2
1239	3
1240	1
1241	1
1242	1
1243	1
1244	1
1245	1
1246	1
1247	3
1248	3
1249	4
1250	1
1251	2
1252	1
1253	1
1254	1
1255	1
1256	4
1257	1
1258	1
1259	3
1260	2
1261	1
1262	3
1263	3
1264	4
1265	2
1266	4
1267	2
1268	2
1269	1
1270	4
1271	2
1272	1
1273	3
1274	2
1275	3
1276	1
1277	2
1278	2
1279	1
1280	1
1281	4
1282	4
1283	2
1284	1
1285	3
1286	2
1287	4
1288	1
1289	2
1290	1
1291	4
1292	1
1293	1
1294	2
1295	4
1296	2
1297	3
1298	2
1299	1
1300	2
1301	4
1302	2
1303	4
1304	1
1305	1
1306	2
1307	1
1308	1
1309	3
1310	4
1311	2
1312	2
1313	3
1314	4
1315	1
1316	4
1317	1
1318	3
1319	1
1320	4
1321	4
1322	4
1323	2
1324	1
1325	1
1326	2
1327	2
1328	1
1329	1
1330	3
1331	1
1332	1
1333	2
1334	2
1335	2
1336	1
1337	4
1338	1
1339	3
1340	2
1341	1
1342	1
1343	4
1344	1
1345	1
1346	4
1347	1
1348	1
1349	2
1350	1
1351	1
1352	2
1353	1
1354	2
1355	3
1356	3
1357	4
1358	2
1359	3
1360	4
1361	1
1362	4
1363	1
1364	2
1365	3
1366	3
1367	2
1368	4
1369	1
1370	1
1371	2
1372	2
1373	3
1374	2
1375	2
1376	1
1377	2
1378	2
1379	1
1380	3
1381	2
1382	1
1383	3
1384	2
1385	2
1386	1
1387	4
1388	4
1389	1
1390	3
1391	1
1392	3
1393	2
1394	2
1395	1
1396	3
1397	2
1398	4
1399	1
1400	1
1401	1
1402	1
1403	3
1404	4
1405	4
1406	3
1407	1
1408	2
1409	2
1410	2
1411	1
1412	2
1413	1
1414	1
1415	1
1416	3
1417	1
1418	1
1419	1
1420	1
1421	2
1422	4
1423	1
1424	2
1425	1
1426	2
1427	1
1428	1
1429	1
1430	2
1431	2
1432	2
1433	1
1434	2
1435	1
1436	1
1437	2
1438	1
1439	1
1440	4
1441	4
1442	4
1443	1
1444	2
1445	1
1446	2
1447	1
1448	1
1449	1
1450	4
1451	1
1452	4
1453	1
1454	2
1455	3
1456	3
1457	4
1458	2
1459	4
1460	1
1461	1
1462	2
1463	2
1464	2
1465	1
1466	3
1467	1
1468	1
1469	3
1470	1
1471	1
1472	1
1473	1
1474	1
1475	2
1476	3
1477	2
1478	2
1479	1
1480	2
1481	2
1482	2
1483	2
1484	1
1485	2
1486	4
1487	4
1488	4
1489	1
1490	1
1491	1
1492	2
1493	1
1494	2
1495	1
1496	2
1497	1
1498	4
1499	2
1500	1
1501	1
1502	1
1503	3
1504	1
1505	2
1506	1
1507	1
1508	1
1509	2
1510	1
1511	1
1512	3
1513	1
1514	1
1515	1
1516	3
1517	2
1518	2
1519	2
1520	1
1521	1
1522	1
1523	3
1524	4
1525	2
1526	4
1527	2
1528	4
1529	2
1530	1
1531	1
1532	1
1533	1
1534	1
1535	1
1536	4
1537	1
1538	2
1539	4
1540	1
1541	3
1542	1
1543	1
1544	2
1545	2
1546	2
1547	1
1548	4
1549	1
1550	2
1551	1
1552	2
1553	4
1554	1
1555	1
1556	4
1557	1
1558	1
1559	1
1560	2
1561	3
1562	1
1563	1
1564	1
1565	1
1566	1
1567	1
1568	1
1569	3
1570	3
1571	4
1572	1
1573	2
1574	1
1575	1
1576	1
1577	1
1578	4
1579	1
1580	1
1581	3
1582	2
1583	1
1584	3
1585	3
1586	4
1587	2
1588	4
1589	2
1590	2
1591	1
1592	4
1593	2
1594	1
1595	3
1596	2
1597	3
1598	1
1599	2
1600	2
1601	1
1602	1
1603	4
1604	4
1605	2
1606	1
1607	3
1608	2
1609	4
1610	1
1611	2
1612	1
1613	4
1614	1
1615	1
1616	2
1617	4
1618	2
1619	3
1620	2
1621	1
1622	2
1623	4
1624	2
1625	4
1626	1
1627	1
1628	2
1629	1
1630	1
1631	3
1632	4
1633	2
1634	2
1635	3
1636	4
1637	1
1638	4
1639	1
1640	3
1641	1
1642	4
1643	4
1644	4
1645	2
1646	1
1647	1
1648	2
1649	2
1650	1
1651	1
1652	3
1653	1
1654	1
1655	2
1656	2
1657	2
1658	1
1659	4
1660	1
1661	3
1662	2
1663	1
1664	1
1665	4
1666	1
1667	1
1668	4
1669	1
1670	1
1671	2
1672	1
1673	1
1674	2
1675	1
1676	2
1677	3
1678	3
1679	4
1680	2
1681	3
1682	4
1683	1
1684	4
1685	1
1686	2
1687	3
1688	3
1689	2
1690	4
1691	1
1692	1
1693	2
1694	2
1695	3
1696	2
1697	2
1698	1
1699	2
1700	2
1701	1
1702	3
1703	2
1704	1
1705	3
1706	2
1707	2
1708	1
1709	4
1710	4
1711	1
1712	3
1713	1
1714	3
1715	2
1716	2
1717	1
1718	3
1719	2
1720	4
1721	1
1722	1
1723	1
1724	1
1725	3
1726	4
1727	4
1728	3
1729	1
1730	2
1731	2
1732	2
1733	1
1734	2
1735	1
1736	1
1737	1
1738	3
1739	1
1740	1
1741	1
1742	1
1743	2
1744	4
1745	1
1746	2
1747	1
1748	2
1749	1
1750	1
1751	1
1752	2
1753	2
1754	2
1755	1
1756	2
1757	1
1758	1
1759	2
1760	1
1761	1
1762	4
1763	4
1764	4
1765	1
1766	2
1767	1
1768	2
1769	1
1770	1
1771	1
1772	4
1773	1
1774	4
1775	1
1776	2
1777	3
1778	3
1779	4
1780	2
1781	4
1782	1
1783	1
1784	2
1785	2
1786	2
1787	1
1788	3
1789	1
1790	1
1791	3
1792	1
1793	1
1794	1
1795	1
1796	1
1797	2
1798	3
1799	2
1800	2
1801	1
1802	2
1803	2
1804	2
1805	2
1806	1
1807	2
1808	4
1809	4
1810	4
1811	1
1812	1
1813	1
1814	2
1815	1
1816	2
1817	1
1818	2
1819	1
1820	4
1821	2
1822	1
1823	1
1824	1
1825	3
1826	1
1827	2
1828	1
1829	1
1830	1
1831	2
1832	1
1833	1
1834	3
1835	1
1836	1
1837	1
1838	3
1839	2
1840	2
1841	2
1842	1
1843	1
1844	1
1845	3
1846	4
1847	2
1848	4
1849	2
1850	4
1851	2
1852	1
1853	1
1854	1
1855	1
1856	1
1857	1
1858	4
1859	1
1860	2
1861	4
1862	1
1863	3
1864	1
1865	1
1866	2
1867	2
1868	2
1869	1
1870	4
1871	1
1872	2
1873	1
1874	2
1875	4
1876	1
1877	1
1878	4
1879	1
1880	1
1881	1
1882	2
1883	3
1884	1
1885	1
1886	1
1887	1
1888	1
1889	1
1890	1
1891	3
1892	3
1893	4
1894	1
1895	2
1896	1
1897	1
1898	1
1899	1
1900	4
1901	1
1902	1
1903	3
1904	2
1905	1
1906	3
1907	3
1908	4
1909	2
1910	4
1911	2
1912	2
1913	1
1914	4
1915	2
1916	1
1917	3
1918	2
1919	3
1920	1
1921	2
1922	2
1923	1
1924	1
1925	4
1926	4
1927	2
1928	1
1929	3
1930	2
1931	4
1932	1
1933	2
1934	1
1935	4
1936	1
1937	1
1938	2
1939	4
1940	2
1941	3
1942	2
1943	1
1944	2
1945	4
1946	2
1947	4
1948	1
1949	1
1950	2
1951	1
1952	1
1953	3
1954	4
1955	2
1956	2
1957	3
1958	4
1959	1
1960	4
1961	1
1962	3
1963	1
1964	4
1965	4
1966	4
1967	2
1968	1
1969	1
1970	2
1971	2
1972	1
1973	1
1974	3
1975	1
1976	1
1977	2
1978	2
1979	2
1980	1
1981	4
1982	1
1983	3
1984	2
1985	1
1986	1
1987	4
1988	1
1989	1
1990	4
1991	1
1992	1
1993	2
1994	1
1995	1
1996	2
1997	1
1998	2
1999	3
2000	3
2001	4
2002	2
2003	3
2004	4
2005	1
2006	4
2007	1
2008	2
2009	3
2010	3
2011	2
2012	4
2013	1
2014	1
2015	2
2016	2
2017	3
2018	2
2019	2
2020	1
2021	2
2022	2
2023	1
2024	3
2025	2
2026	1
2027	3
2028	2
2029	2
2030	1
2031	4
2032	4
2033	1
2034	3
2035	1
2036	3
2037	2
2038	2
2039	1
2040	3
2041	2
2042	4
2043	1
2044	1
2045	1
2046	1
2047	3
2048	4
2049	4
2050	3
2051	1
2052	2
2053	2
2054	2
2055	1
2056	2
2057	1
2058	1
2059	1
2060	3
2061	1
2062	1
2063	1
2064	1
2065	2
2066	4
2067	1
2068	2
2069	1
2070	2
2071	1
2072	1
2073	1
2074	2
2075	2
2076	2
2077	1
2078	2
2079	1
2080	1
2081	2
2082	1
2083	1
2084	4
2085	4
2086	4
2087	1
2088	2
2089	1
2090	2
2091	1
2092	1
2093	1
2094	4
2095	1
2096	4
2097	1
2098	2
2099	3
2100	3
2101	4
2102	2
2103	4
2104	1
2105	1
2106	2
2107	2
2108	2
2109	1
2110	3
2111	1
2112	1
2113	3
2114	1
2115	1
2116	1
2117	1
2118	1
2119	2
2120	3
2121	2
2122	2
2123	1
2124	2
2125	2
2126	2
2127	2
2128	1
2129	2
2130	4
2131	4
2132	4
2133	1
2134	1
2135	1
2136	2
2137	1
2138	2
2139	1
2140	2
2141	1
2142	4
2143	2
2144	1
2145	1
2146	1
2147	3
2148	1
2149	2
2150	1
2151	1
2152	1
2153	2
2154	1
2155	1
2156	3
2157	1
2158	1
2159	1
2160	3
2161	2
2162	2
2163	2
2164	1
2165	1
2166	1
2167	3
2168	4
2169	2
2170	4
2171	2
2172	4
2173	2
2174	1
2175	1
2176	1
2177	1
2178	1
2179	1
2180	4
2181	1
2182	2
2183	4
2184	1
2185	3
2186	1
2187	1
2188	2
2189	2
2190	2
2191	1
2192	4
2193	1
2194	2
2195	1
2196	2
2197	4
2198	1
2199	1
2200	4
2201	1
2202	1
2203	1
2204	2
2205	3
2206	1
2207	1
2208	1
2209	1
2210	1
2211	1
2212	1
2213	3
2214	3
2215	4
2216	1
2217	2
2218	1
2219	1
2220	1
2221	1
2222	4
2223	1
2224	1
2225	3
2226	2
2227	1
2228	3
2229	3
2230	4
2231	2
2232	4
2233	2
2234	2
2235	1
2236	4
2237	2
2238	1
2239	3
2240	2
2241	3
2242	1
2243	2
2244	2
2245	1
2246	1
2247	4
2248	4
2249	2
2250	1
2251	3
2252	2
2253	4
2254	1
2255	2
2256	1
2257	4
2258	1
2259	1
2260	2
2261	4
2262	2
2263	3
2264	2
2265	1
2266	2
2267	4
2268	2
2269	4
2270	1
2271	1
2272	2
2273	1
2274	1
2275	3
2276	4
2277	2
2278	2
2279	3
2280	4
2281	1
2282	4
2283	1
2284	3
2285	1
2286	4
2287	4
2288	4
2289	2
2290	1
2291	1
2292	2
2293	2
2294	1
2295	1
2296	3
2297	1
2298	1
2299	2
2300	2
2301	2
2302	1
2303	4
2304	1
2305	3
2306	2
2307	1
2308	1
2309	4
2310	1
2311	1
2312	4
2313	1
2314	1
2315	2
2316	1
2317	1
2318	2
2319	1
2320	2
2321	3
2322	3
2323	4
2324	2
2325	3
2326	4
2327	1
2328	4
2329	1
2330	2
2331	3
2332	3
2333	2
2334	4
2335	1
2336	1
2337	2
2338	2
2339	3
2340	2
2341	2
2342	1
2343	2
2344	2
2345	1
2346	3
2347	2
2348	1
2349	3
2350	2
2351	2
2352	1
2353	4
2354	4
2355	1
2356	3
2357	1
2358	3
2359	2
2360	2
2361	1
2362	3
2363	2
2364	4
2365	1
2366	1
2367	1
2368	1
2369	3
2370	4
2371	4
2372	3
2373	1
2374	2
2375	2
2376	2
2377	1
2378	2
2379	1
2380	1
2381	1
2382	3
2383	1
2384	1
2385	1
2386	1
2387	2
2388	4
2389	1
2390	2
2391	1
2392	2
2393	1
2394	1
2395	1
2396	2
2397	2
2398	2
2399	1
2400	2
2401	1
2402	1
2403	2
2404	1
2405	1
2406	4
2407	4
2408	4
2409	1
2410	2
2411	1
2412	2
2413	1
2414	1
2415	1
2416	4
2417	1
2418	4
2419	1
2420	2
2421	3
2422	3
2423	4
2424	2
2425	4
2426	1
2427	1
2428	2
2429	2
2430	2
2431	1
2432	3
2433	1
2434	1
2435	3
2436	1
2437	1
2438	1
2439	1
2440	1
2441	2
2442	3
2443	2
2444	2
2445	1
2446	2
2447	2
2448	2
2449	2
2450	1
2451	2
2452	4
2453	4
2454	4
2455	1
2456	1
2457	1
2458	2
2459	1
2460	2
2461	1
2462	2
2463	1
2464	4
2465	2
2466	1
2467	1
2468	1
2469	3
2470	1
2471	2
2472	1
2473	1
2474	1
2475	2
2476	1
2477	1
2478	3
2479	1
2480	1
2481	1
2482	3
2483	2
2484	2
2485	2
2486	1
2487	1
2488	1
2489	3
2490	4
2491	2
2492	4
2493	2
2494	4
2495	2
2496	1
2497	1
2498	1
2499	1
2500	1
2501	1
2502	4
2503	1
2504	2
2505	4
2506	1
2507	3
2508	1
2509	1
2510	2
2511	2
2512	2
2513	1
2514	4
2515	1
2516	2
2517	1
2518	2
2519	4
2520	1
2521	1
2522	4
2523	1
2524	1
2525	1
2526	2
2527	3
2528	1
2529	1
2530	1
2531	1
2532	1
2533	1
2534	1
2535	3
2536	3
2537	4
2538	1
2539	2
2540	1
2541	1
2542	1
2543	1
2544	4
2545	1
2546	1
2547	3
2548	2
2549	1
2550	3
2551	3
2552	4
2553	2
2554	4
2555	2
2556	2
2557	1
2558	4
2559	2
2560	1
2561	3
2562	2
2563	3
2564	1
2565	2
2566	2
2567	1
2568	1
2569	4
2570	4
2571	2
2572	1
2573	3
2574	2
2575	4
2576	1
2577	2
2578	1
2579	4
2580	1
2581	1
2582	2
2583	4
2584	2
2585	3
2586	2
2587	1
2588	2
2589	4
2590	2
2591	4
2592	1
2593	1
2594	2
2595	1
2596	1
2597	3
2598	4
2599	2
2600	2
2601	3
2602	4
2603	1
2604	4
2605	1
2606	3
2607	1
2608	4
2609	4
2610	4
2611	2
2612	1
2613	1
2614	2
2615	2
2616	1
2617	1
2618	3
2619	1
2620	1
2621	2
2622	2
2623	2
2624	1
2625	4
2626	1
2627	3
2628	2
2629	1
2630	1
2631	4
2632	1
2633	1
2634	4
2635	1
2636	1
2637	2
2638	1
2639	1
2640	2
2641	1
2642	2
2643	3
2644	3
2645	4
2646	2
2647	3
2648	4
2649	1
2650	4
2651	1
2652	2
2653	3
2654	3
2655	2
2656	4
2657	1
2658	1
2659	2
2660	2
2661	3
2662	2
2663	2
2664	1
2665	2
2666	2
2667	1
2668	3
2669	2
2670	1
2671	3
2672	2
2673	2
2674	1
2675	4
2676	4
2677	1
2678	3
2679	1
2680	3
2681	2
2682	2
2683	1
2684	3
2685	2
2686	4
2687	1
2688	1
2689	1
2690	1
2691	3
2692	4
2693	4
2694	3
2695	1
2696	2
2697	2
2698	2
2699	1
2700	2
2701	1
2702	1
2703	1
2704	3
2705	1
2706	1
2707	1
2708	1
2709	2
2710	4
2711	1
2712	2
2713	1
2714	2
2715	1
2716	1
2717	1
2718	2
2719	2
2720	2
2721	1
2722	2
2723	1
2724	1
2725	2
2726	1
2727	1
2728	4
2729	4
2730	4
2731	1
2732	2
2733	1
2734	2
2735	1
2736	1
2737	1
2738	4
2739	1
2740	4
2741	1
2742	2
2743	3
2744	3
2745	4
2746	2
2747	4
2748	1
2749	1
2750	2
2751	2
2752	2
2753	1
2754	3
2755	1
2756	1
2757	3
2758	1
2759	1
2760	1
2761	1
2762	1
2763	2
2764	3
2765	2
2766	2
2767	1
2768	2
2769	2
2770	2
2771	2
2772	1
2773	2
2774	4
2775	4
2776	4
2777	1
2778	1
2779	1
2780	2
2781	1
2782	2
2783	1
2784	2
2785	1
2786	4
2787	2
2788	1
2789	1
2790	1
2791	3
2792	1
2793	2
2794	1
2795	1
2796	1
2797	2
2798	1
2799	1
2800	3
2801	1
2802	1
2803	1
2804	3
2805	2
2806	2
2807	2
2808	1
2809	1
2810	1
2811	3
2812	4
2813	2
2814	4
2815	2
2816	4
2817	2
2818	1
2819	1
2820	1
2821	1
2822	1
2823	1
2824	4
2825	1
2826	2
2827	4
2828	1
2829	3
2830	1
2831	1
2832	2
2833	2
2834	2
2835	1
2836	4
2837	1
2838	2
2839	1
2840	2
2841	4
2842	1
2843	1
2844	4
2845	1
2846	1
2847	1
2848	2
2849	3
2850	1
2851	1
2852	1
2853	1
2854	1
2855	1
2856	1
2857	3
2858	3
2859	4
2860	1
2861	2
2862	1
2863	1
2864	1
2865	1
2866	4
2867	1
2868	1
2869	3
2870	2
2871	1
2872	3
2873	3
2874	4
2875	2
2876	4
2877	2
2878	2
2879	1
2880	4
2881	2
2882	1
2883	3
2884	2
2885	3
2886	1
2887	2
2888	2
2889	1
2890	1
2891	4
2892	4
2893	2
2894	1
2895	3
2896	2
2897	4
2898	1
2899	2
2900	1
2901	4
2902	1
2903	1
2904	2
2905	4
2906	2
2907	3
2908	2
2909	1
2910	2
2911	4
2912	2
2913	4
2914	1
2915	1
2916	2
2917	1
2918	1
2919	3
2920	4
2921	2
2922	2
2923	3
2924	4
2925	1
2926	4
2927	1
2928	3
2929	1
2930	4
2931	4
2932	4
2933	2
2934	1
2935	1
2936	2
2937	2
2938	1
2939	1
2940	3
2941	1
2942	1
2943	2
2944	2
2945	2
2946	1
2947	4
2948	1
2949	3
2950	2
2951	1
2952	1
2953	4
2954	1
2955	1
2956	4
2957	1
2958	1
2959	2
2960	1
2961	1
2962	2
2963	1
2964	2
2965	3
2966	3
2967	4
2968	2
2969	3
2970	4
2971	1
2972	4
2973	1
2974	2
2975	3
2976	3
2977	2
2978	4
2979	1
2980	1
2981	2
2982	2
2983	3
2984	2
2985	2
2986	1
2987	2
2988	2
2989	1
2990	3
2991	2
2992	1
2993	3
2994	2
2995	2
2996	1
2997	4
2998	4
2999	1
3000	3
3001	1
3002	3
3003	2
3004	2
3005	1
3006	3
3007	2
3008	4
3009	1
3010	1
3011	1
3012	1
3013	3
3014	4
3015	4
3016	3
3017	1
3018	2
3019	2
3020	2
3021	1
3022	2
3023	1
3024	1
3025	1
3026	3
3027	1
3028	1
3029	1
3030	1
3031	2
3032	4
3033	1
3034	2
3035	1
3036	2
3037	1
3038	1
3039	1
3040	2
3041	2
3042	2
3043	1
3044	2
3045	1
3046	1
3047	2
3048	1
3049	1
3050	4
3051	4
3052	4
3053	1
3054	2
3055	1
3056	2
3057	1
3058	1
3059	1
3060	4
3061	1
3062	4
3063	1
3064	2
3065	3
3066	3
3067	4
3068	2
3069	4
3070	1
3071	1
3072	2
3073	2
3074	2
3075	1
3076	3
3077	1
3078	1
3079	3
3080	1
3081	1
3082	1
3083	1
3084	1
3085	2
3086	3
3087	2
3088	2
3089	1
3090	2
3091	2
3092	2
3093	2
3094	1
3095	2
3096	4
3097	4
3098	4
3099	1
3100	1
3101	1
3102	2
3103	1
3104	2
3105	1
3106	2
3107	1
3108	4
3109	2
3110	1
3111	1
3112	1
3113	3
3114	1
3115	2
3116	1
3117	1
3118	1
3119	2
3120	1
3121	1
3122	3
3123	1
3124	1
3125	1
3126	3
3127	2
3128	2
3129	2
3130	1
3131	1
3132	1
3133	3
3134	4
3135	2
3136	4
3137	2
3138	4
3139	2
3140	1
3141	1
3142	1
3143	1
3144	1
3145	1
3146	4
3147	1
3148	2
3149	4
3150	1
3151	3
3152	1
3153	1
3154	2
3155	2
3156	2
3157	1
3158	4
3159	1
3160	2
3161	1
3162	2
3163	4
3164	1
3165	1
3166	4
3167	1
3168	1
3169	1
3170	2
3171	3
3172	1
3173	1
3174	1
3175	1
3176	1
3177	1
3178	1
3179	3
3180	3
3181	4
3182	1
3183	2
3184	1
3185	1
3186	1
3187	1
3188	4
3189	1
3190	1
3191	3
3192	2
3193	1
3194	3
3195	3
3196	4
3197	2
3198	4
3199	2
3200	2
3201	1
3202	4
3203	2
3204	1
3205	3
3206	2
3207	3
3208	1
3209	2
3210	2
3211	1
3212	1
3213	4
3214	4
3215	2
3216	1
3217	3
3218	2
3219	4
3220	1
3221	2
3222	1
3223	4
3224	1
3225	1
3226	2
3227	4
3228	2
3229	3
3230	2
3231	1
3232	2
3233	4
3234	2
3235	4
3236	1
3237	1
3238	2
3239	1
3240	1
3241	3
3242	4
3243	2
3244	2
3245	3
3246	4
3247	1
3248	4
3249	1
3250	3
3251	1
3252	4
3253	4
3254	4
3255	2
3256	1
3257	1
3258	2
3259	2
3260	1
3261	1
3262	3
3263	1
3264	1
3265	2
3266	2
3267	2
3268	1
3269	4
3270	1
3271	3
3272	2
3273	1
3274	1
3275	4
3276	1
3277	1
3278	4
3279	1
3280	1
3281	2
3282	1
3283	1
3284	2
3285	1
3286	2
3287	3
3288	3
3289	4
3290	2
3291	3
3292	4
3293	1
3294	4
3295	1
3296	2
3297	3
3298	3
3299	2
3300	4
3301	1
3302	1
3303	2
3304	2
3305	3
3306	2
3307	2
3308	1
3309	2
3310	2
3311	1
3312	3
3313	2
3314	1
3315	3
3316	2
3317	2
3318	1
3319	4
3320	4
3321	1
3322	3
3323	1
3324	3
3325	2
3326	2
3327	1
3328	3
3329	2
3330	4
3331	1
3332	1
3333	1
3334	1
3335	3
3336	4
3337	4
3338	3
3339	1
3340	2
3341	2
3342	2
3343	1
3344	2
3345	1
3346	1
3347	1
3348	3
3349	1
3350	1
3351	1
3352	1
3353	2
3354	4
3355	1
3356	2
3357	1
3358	2
3359	1
3360	1
3361	1
3362	2
3363	2
3364	2
3365	1
3366	2
3367	1
3368	1
3369	2
3370	1
3371	1
3372	4
3373	4
3374	4
3375	1
3376	2
3377	1
3378	2
3379	1
3380	1
3381	1
3382	4
3383	1
3384	4
3385	1
3386	2
3387	3
3388	3
3389	4
3390	2
3391	4
3392	1
3393	1
3394	2
3395	2
3396	2
3397	1
3398	3
3399	1
3400	1
3401	3
3402	1
3403	1
3404	1
3405	1
3406	1
3407	2
3408	3
3409	2
3410	2
3411	1
3412	2
3413	2
3414	2
3415	2
3416	1
3417	2
3418	4
3419	4
3420	4
3421	1
3422	1
3423	1
3424	2
3425	1
3426	2
3427	1
3428	2
3429	1
3430	4
3431	2
3432	1
3433	1
3434	1
3435	3
3436	1
3437	2
3438	1
3439	1
3440	1
3441	2
3442	1
3443	1
3444	3
3445	1
3446	1
3447	1
3448	3
3449	2
3450	2
3451	2
3452	1
3453	1
3454	1
3455	3
3456	4
3457	2
3458	4
3459	2
3460	4
3461	2
3462	1
3463	1
3464	1
3465	1
3466	1
3467	1
3468	4
3469	1
3470	2
3471	4
3472	1
3473	3
3474	1
3475	1
3476	2
3477	2
3478	2
3479	1
3480	4
3481	1
3482	2
3483	1
3484	2
3485	4
3486	1
3487	1
3488	4
3489	1
3490	1
3491	1
3492	2
3493	3
3494	1
3495	1
3496	1
3497	1
3498	1
3499	1
3500	1
3501	3
3502	3
3503	4
3504	1
3505	2
3506	1
3507	1
3508	1
3509	1
3510	4
3511	1
3512	1
3513	3
3514	2
3515	1
3516	3
3517	3
3518	4
3519	2
3520	4
3521	2
3522	2
3523	1
3524	4
3525	2
3526	1
3527	3
3528	2
3529	3
3530	1
3531	2
3532	2
3533	1
3534	1
3535	4
3536	4
3537	2
3538	1
3539	3
3540	2
3541	4
3542	1
3543	2
3544	1
3545	4
3546	1
3547	1
3548	2
3549	4
3550	2
3551	3
3552	2
3553	1
3554	2
3555	4
3556	2
3557	4
3558	1
3559	1
3560	2
3561	1
3562	1
3563	3
3564	4
3565	2
3566	2
3567	3
3568	4
3569	1
3570	4
3571	1
3572	3
3573	1
3574	4
3575	4
3576	4
3577	2
3578	1
3579	1
3580	2
3581	2
3582	1
3583	1
3584	3
3585	1
3586	1
3587	2
3588	2
3589	2
3590	1
3591	4
3592	1
3593	3
3594	2
3595	1
3596	1
3597	4
3598	1
3599	1
3600	4
3601	1
3602	1
3603	2
3604	1
3605	1
3606	2
3607	1
3608	2
3609	3
3610	3
3611	4
3612	2
3613	3
3614	4
3615	1
3616	4
3617	1
3618	2
3619	3
3620	3
3621	2
3622	4
3623	1
3624	1
3625	2
3626	2
3627	3
3628	2
3629	2
3630	1
3631	2
3632	2
3633	1
3634	3
3635	2
3636	1
3637	3
3638	2
3639	2
3640	1
3641	4
3642	4
3643	1
3644	3
3645	1
3646	3
3647	2
3648	2
3649	1
3650	3
3651	2
3652	4
3653	1
3654	1
3655	1
3656	1
3657	3
3658	4
3659	4
3660	3
3661	1
3662	2
3663	2
3664	2
3665	1
3666	2
3667	1
3668	1
3669	1
3670	3
3671	1
3672	1
3673	1
3674	1
3675	2
3676	4
3677	1
3678	2
3679	1
3680	2
3681	1
3682	1
3683	1
3684	2
3685	2
3686	2
3687	1
3688	2
3689	1
3690	1
3691	2
3692	1
3693	1
3694	4
3695	4
3696	4
3697	1
3698	2
3699	1
3700	2
3701	1
3702	1
3703	1
3704	4
3705	1
3706	4
3707	1
3708	2
3709	3
3710	3
3711	4
3712	2
3713	4
3714	1
3715	1
3716	2
3717	2
3718	2
3719	1
3720	3
3721	1
3722	1
3723	3
3724	1
3725	1
3726	1
3727	1
3728	1
3729	2
3730	3
3731	2
3732	2
3733	1
3734	2
3735	2
3736	2
3737	2
3738	1
3739	2
3740	4
3741	4
3742	4
3743	1
3744	1
3745	1
3746	2
3747	1
3748	2
3749	1
3750	2
3751	1
3752	4
3753	2
3754	1
3755	1
3756	1
3757	3
3758	1
3759	2
3760	1
3761	1
3762	1
3763	2
3764	1
3765	1
3766	3
3767	1
3768	1
3769	1
3770	3
3771	2
3772	2
3773	2
3774	1
3775	1
3776	1
3777	3
3778	4
3779	2
3780	4
3781	2
3782	4
3783	2
3784	1
3785	1
3786	1
3787	1
3788	1
3789	1
3790	4
3791	1
3792	2
3793	4
3794	1
3795	3
3796	1
3797	1
3798	2
3799	2
3800	2
3801	1
3802	4
3803	1
3804	2
3805	1
3806	2
3807	4
3808	1
3809	1
3810	4
3811	1
3812	1
3813	1
3814	2
3815	3
3816	1
3817	1
3818	1
3819	1
3820	1
3821	1
3822	1
3823	3
3824	3
3825	4
3826	1
3827	2
3828	1
3829	1
3830	1
3831	1
3832	4
3833	1
3834	1
3835	3
3836	2
3837	1
3838	3
3839	3
3840	4
3841	2
3842	4
3843	2
3844	2
3845	1
3846	4
3847	2
3848	1
3849	3
3850	2
3851	3
3852	1
3853	2
3854	2
3855	1
3856	1
3857	4
3858	4
3859	2
3860	1
3861	3
3862	2
3863	4
3864	1
3865	2
3866	1
3867	4
3868	1
3869	1
3870	2
3871	4
3872	2
3873	3
3874	2
3875	1
3876	2
3877	4
3878	2
3879	4
3880	1
3881	1
3882	2
3883	1
3884	1
3885	3
3886	4
3887	2
3888	2
3889	3
3890	4
3891	1
3892	4
3893	1
3894	3
3895	1
3896	4
3897	4
3898	4
3899	2
3900	1
3901	1
3902	2
3903	2
3904	1
3905	1
3906	3
3907	1
3908	1
3909	2
3910	2
3911	2
3912	1
3913	4
3914	1
3915	3
3916	2
3917	1
3918	1
3919	4
3920	1
3921	1
3922	4
3923	1
3924	1
3925	2
3926	1
3927	1
3928	2
3929	1
3930	2
3931	3
3932	3
3933	4
3934	2
3935	3
3936	4
3937	1
3938	4
3939	1
3940	2
3941	3
3942	3
3943	2
3944	4
3945	1
3946	1
3947	2
3948	2
3949	3
3950	2
3951	2
3952	1
3953	2
3954	2
3955	1
3956	3
3957	2
3958	1
3959	3
3960	2
3961	2
3962	1
3963	4
3964	4
3965	1
3966	3
3967	1
3968	3
3969	2
3970	2
3971	1
3972	3
3973	2
3974	4
3975	1
3976	1
3977	1
3978	1
3979	3
3980	4
3981	4
3982	3
3983	1
3984	2
3985	2
3986	2
3987	1
3988	2
3989	1
3990	1
3991	1
3992	3
3993	1
3994	1
3995	1
3996	1
3997	2
3998	4
3999	1
4000	2
4001	1
4002	2
4003	1
4004	1
4005	1
4006	2
4007	2
4008	2
4009	1
4010	2
4011	1
4012	1
4013	2
4014	1
4015	1
4016	4
4017	4
4018	4
4019	1
4020	2
4021	1
4022	2
4023	1
4024	1
4025	1
4026	4
4027	1
4028	4
4029	1
4030	2
4031	3
4032	3
4033	4
4034	2
4035	4
4036	1
4037	1
4038	2
4039	2
4040	2
4041	1
4042	3
4043	1
4044	1
4045	3
4046	1
4047	1
4048	1
4049	1
4050	1
4051	2
4052	3
4053	2
4054	2
4055	1
4056	2
4057	2
4058	2
4059	2
4060	1
4061	2
4062	4
4063	4
4064	4
4065	1
4066	1
4067	1
4068	2
4069	1
4070	2
4071	1
4072	2
4073	1
4074	4
4075	2
4076	1
4077	1
4078	1
4079	3
4080	1
4081	2
4082	1
4083	1
4084	1
4085	2
4086	1
4087	1
4088	3
4089	1
4090	1
4091	1
4092	3
4093	2
4094	2
4095	2
4096	1
4097	1
4098	1
4099	3
4100	4
4101	2
4102	4
4103	2
4104	4
4105	2
4106	1
4107	1
4108	1
4109	1
4110	1
4111	1
4112	4
4113	1
4114	2
4115	4
4116	1
4117	3
4118	1
4119	1
4120	2
4121	2
4122	2
4123	1
4124	4
4125	1
4126	2
4127	1
4128	2
4129	4
4130	1
4131	1
4132	4
4133	1
4134	1
4135	1
4136	2
4137	3
4138	1
4139	1
4140	1
4141	1
4142	1
4143	1
4144	1
4145	3
4146	3
4147	4
4148	1
4149	2
4150	1
4151	1
4152	1
4153	1
4154	4
4155	1
4156	1
4157	3
4158	2
4159	1
4160	3
4161	3
4162	4
4163	2
4164	4
4165	2
4166	2
4167	1
4168	4
4169	2
4170	1
4171	3
4172	2
4173	3
4174	1
4175	2
4176	2
4177	1
4178	1
4179	4
4180	4
4181	2
4182	1
4183	3
4184	2
4185	4
4186	1
4187	2
4188	1
4189	4
4190	1
4191	1
4192	2
4193	4
4194	2
4195	3
4196	2
4197	1
4198	2
4199	4
4200	2
4201	4
4202	1
4203	1
4204	2
4205	1
4206	1
4207	3
4208	4
4209	2
4210	2
4211	3
4212	4
4213	1
4214	4
4215	1
4216	3
4217	1
4218	4
4219	4
4220	4
4221	2
4222	1
4223	1
4224	2
4225	2
4226	1
4227	1
4228	3
4229	1
4230	1
4231	2
4232	2
4233	2
4234	1
4235	4
4236	1
4237	3
4238	2
4239	1
4240	1
4241	4
4242	1
4243	1
4244	4
4245	1
4246	1
4247	2
4248	1
4249	1
4250	2
4251	1
4252	2
4253	3
4254	3
4255	4
4256	2
4257	3
4258	4
4259	1
4260	4
4261	1
4262	2
4263	3
4264	3
4265	2
4266	4
4267	1
4268	1
4269	2
4270	2
4271	3
4272	2
4273	2
4274	1
4275	2
4276	2
4277	1
4278	3
4279	2
4280	1
4281	3
4282	2
4283	2
4284	1
4285	4
4286	4
4287	1
4288	3
4289	1
4290	3
4291	2
4292	2
4293	1
4294	3
4295	2
4296	4
4297	1
4298	1
4299	1
4300	1
4301	3
4302	4
4303	4
4304	3
4305	1
4306	2
4307	2
4308	2
4309	1
4310	2
4311	1
4312	1
4313	1
4314	3
4315	1
4316	1
4317	1
4318	1
4319	2
4320	4
4321	1
4322	2
4323	1
4324	2
4325	1
4326	1
4327	1
4328	2
4329	2
4330	2
4331	1
4332	2
4333	1
4334	1
4335	2
4336	1
4337	1
4338	4
4339	4
4340	4
4341	1
4342	2
4343	1
4344	2
4345	1
4346	1
4347	1
4348	4
4349	1
4350	4
4351	1
4352	2
4353	3
4354	3
4355	4
4356	2
4357	4
4358	1
4359	1
4360	2
4361	2
4362	2
4363	1
4364	3
4365	1
4366	1
4367	3
4368	1
4369	1
4370	1
4371	1
4372	1
4373	2
4374	3
4375	2
4376	2
4377	1
4378	2
4379	2
4380	2
4381	2
4382	1
4383	2
4384	4
4385	4
4386	4
4387	1
4388	1
4389	1
4390	2
4391	1
4392	2
4393	1
4394	2
4395	1
4396	4
4397	2
4398	1
4399	1
4400	1
4401	3
4402	1
4403	2
4404	1
4405	1
4406	1
4407	2
4408	1
4409	1
4410	3
4411	1
4412	1
4413	1
4414	3
4415	2
4416	2
4417	2
4418	1
4419	1
4420	1
4421	3
4422	4
4423	2
4424	4
4425	2
4426	4
4427	2
4428	1
4429	1
4430	1
4431	1
4432	1
4433	1
4434	4
4435	1
4436	2
4437	4
4438	1
4439	3
4440	1
4441	1
4442	2
4443	2
4444	2
4445	1
4446	4
4447	1
4448	2
4449	1
4450	2
4451	4
4452	1
4453	1
4454	4
4455	1
4456	1
4457	1
4458	2
4459	3
4460	1
4461	1
4462	1
4463	1
4464	1
4465	1
4466	1
4467	3
4468	3
4469	4
4470	1
4471	2
4472	1
4473	1
4474	1
4475	1
4476	4
4477	1
4478	1
4479	3
4480	2
4481	1
4482	3
4483	3
4484	4
4485	2
4486	4
4487	2
4488	2
4489	1
4490	4
4491	2
4492	1
4493	3
4494	2
4495	3
4496	1
4497	2
4498	2
4499	1
4500	1
4501	4
4502	4
4503	2
4504	1
4505	3
4506	2
4507	4
4508	1
4509	2
4510	1
4511	4
4512	1
4513	1
4514	2
4515	4
4516	2
4517	3
4518	2
4519	1
4520	2
4521	4
4522	2
4523	4
4524	1
4525	1
4526	2
4527	1
4528	1
4529	3
4530	4
4531	2
4532	2
4533	3
4534	4
4535	1
4536	4
4537	1
4538	3
4539	1
4540	4
4541	4
4542	4
4543	2
4544	1
4545	1
4546	2
4547	2
4548	1
4549	1
4550	3
4551	1
4552	1
4553	2
4554	2
4555	2
4556	1
4557	4
4558	1
4559	3
4560	2
4561	1
4562	1
4563	4
4564	1
4565	1
4566	4
4567	1
4568	1
4569	2
4570	1
4571	1
4572	2
4573	1
4574	2
4575	3
4576	3
4577	4
4578	2
4579	3
4580	4
4581	1
4582	4
4583	1
4584	2
4585	3
4586	3
4587	2
4588	4
4589	1
4590	1
4591	2
4592	2
4593	3
4594	2
4595	2
4596	1
4597	2
4598	2
4599	1
4600	3
4601	2
4602	1
4603	3
4604	2
4605	2
4606	1
4607	4
4608	4
4609	1
4610	3
4611	1
4612	3
4613	2
4614	2
4615	1
4616	3
4617	2
4618	4
4619	1
4620	1
4621	1
4622	1
4623	3
4624	4
4625	4
4626	3
4627	1
4628	2
4629	2
4630	2
4631	1
4632	2
4633	1
4634	1
4635	1
4636	3
4637	1
4638	1
4639	1
4640	1
4641	2
4642	4
4643	1
4644	2
4645	1
4646	2
4647	1
4648	1
4649	1
4650	2
4651	2
4652	2
4653	1
4654	2
4655	1
4656	1
4657	2
4658	1
4659	1
4660	4
4661	4
4662	4
4663	1
4664	2
4665	1
4666	2
4667	1
4668	1
4669	1
4670	4
4671	1
4672	4
4673	1
4674	2
4675	3
4676	3
4677	4
4678	2
4679	4
4680	1
4681	1
4682	2
4683	2
4684	2
4685	1
4686	3
4687	1
4688	1
4689	3
4690	1
4691	1
4692	1
4693	1
4694	1
4695	2
4696	3
4697	2
4698	2
4699	1
4700	2
4701	2
4702	2
4703	2
4704	1
4705	2
4706	4
4707	4
4708	4
4709	1
4710	1
4711	1
4712	2
4713	1
4714	2
4715	1
4716	2
4717	1
4718	4
4719	2
4720	1
4721	1
4722	1
4723	3
4724	1
4725	2
4726	1
4727	1
4728	1
4729	2
4730	1
4731	1
4732	3
4733	1
4734	1
4735	1
4736	3
4737	2
4738	2
4739	2
4740	1
4741	1
4742	1
4743	3
4744	4
4745	2
4746	4
4747	2
4748	4
4749	2
4750	1
4751	1
4752	1
4753	1
4754	1
4755	1
4756	4
4757	1
4758	2
4759	4
4760	1
4761	3
4762	1
4763	1
4764	2
4765	2
4766	2
4767	1
4768	4
4769	1
4770	2
4771	1
4772	2
4773	4
4774	1
4775	1
4776	4
4777	1
4778	1
4779	1
4780	2
4781	3
4782	1
4783	1
4784	1
4785	1
4786	1
4787	1
4788	1
4789	3
4790	3
4791	4
4792	1
4793	2
4794	1
4795	1
4796	1
4797	1
4798	4
4799	1
4800	1
4801	3
4802	2
4803	1
4804	3
4805	3
4806	4
4807	2
4808	4
4809	2
4810	2
4811	1
4812	4
4813	2
4814	1
4815	3
4816	2
4817	3
4818	1
4819	2
4820	2
4821	1
4822	1
4823	4
4824	4
4825	2
4826	1
4827	3
4828	2
4829	4
4830	1
4831	2
4832	1
4833	4
4834	1
4835	1
4836	2
4837	4
4838	2
4839	3
4840	2
4841	1
4842	2
4843	4
4844	2
4845	4
4846	1
4847	1
4848	2
4849	1
4850	1
4851	3
4852	4
4853	2
4854	2
4855	3
4856	4
4857	1
4858	4
4859	1
4860	3
4861	1
4862	4
4863	4
4864	4
4865	2
4866	1
4867	1
4868	2
4869	2
4870	1
4871	1
4872	3
4873	1
4874	1
4875	2
4876	2
4877	2
4878	1
4879	4
4880	1
4881	3
4882	2
4883	1
4884	1
4885	4
4886	1
4887	1
4888	4
4889	1
4890	1
4891	2
4892	1
4893	1
4894	2
4895	1
4896	2
4897	3
4898	3
4899	4
4900	2
4901	3
4902	4
4903	1
4904	4
4905	1
4906	2
4907	3
4908	3
4909	2
4910	4
4911	1
4912	1
4913	2
4914	2
4915	3
4916	2
4917	2
4918	1
4919	2
4920	2
4921	1
4922	3
4923	2
4924	1
4925	3
4926	2
4927	2
4928	1
4929	4
4930	4
4931	1
4932	3
4933	1
4934	3
4935	2
4936	2
4937	1
4938	3
4939	2
4940	4
4941	1
4942	1
4943	1
4944	1
4945	3
4946	4
4947	4
4948	3
4949	1
4950	2
4951	2
4952	2
4953	1
4954	2
4955	1
4956	1
4957	1
4958	3
4959	1
4960	1
4961	1
4962	1
4963	2
4964	4
4965	1
4966	2
4967	1
4968	2
4969	1
4970	1
4971	1
4972	2
4973	2
4974	2
4975	1
4976	2
4977	1
4978	1
4979	2
4980	1
4981	1
4982	4
4983	4
4984	4
4985	1
4986	2
4987	1
4988	2
4989	1
4990	1
4991	1
4992	4
4993	1
4994	4
4995	1
4996	2
4997	3
4998	3
4999	4
5000	2
5001	4
5002	1
5003	1
5004	2
5005	2
5006	2
5007	1
5008	3
5009	1
5010	1
5011	3
5012	1
5013	1
5014	1
5015	1
5016	1
5017	2
5018	3
5019	2
5020	2
5021	1
5022	2
5023	2
5024	2
5025	2
5026	1
5027	2
5028	4
5029	4
5030	4
5031	1
5032	1
5033	1
5034	2
5035	1
5036	2
5037	1
5038	2
5039	1
5040	4
5041	2
5042	1
5043	1
5044	1
5045	3
5046	1
5047	2
5048	1
5049	1
5050	1
5051	2
5052	1
5053	1
5054	3
5055	1
5056	1
5057	1
5058	3
5059	2
5060	2
5061	2
5062	1
5063	1
5064	1
5065	3
5066	4
5067	2
5068	4
5069	2
5070	4
5071	2
5072	1
5073	1
5074	1
5075	1
5076	1
5077	1
5078	4
5079	1
5080	2
5081	4
5082	1
5083	3
5084	1
5085	1
5086	2
5087	2
5088	2
5089	1
5090	4
5091	1
5092	2
5093	1
5094	2
5095	4
5096	1
5097	1
5098	4
5099	1
5100	1
5101	1
5102	2
5103	3
5104	1
5105	1
5106	1
5107	1
5108	1
5109	1
5110	1
5111	3
5112	3
5113	4
5114	1
5115	2
5116	1
5117	1
5118	1
5119	1
5120	4
5121	1
5122	1
5123	3
5124	2
5125	1
5126	3
5127	3
5128	4
5129	2
5130	4
5131	2
5132	2
5133	1
5134	4
5135	2
5136	1
5137	3
5138	2
5139	3
5140	1
5141	2
5142	2
5143	1
5144	1
5145	4
5146	4
5147	2
5148	1
5149	3
5150	2
5151	4
5152	1
5153	2
5154	1
5155	4
5156	1
5157	1
5158	2
5159	4
5160	2
5161	3
5162	2
5163	1
5164	2
5165	4
5166	2
5167	4
5168	1
5169	1
5170	2
5171	1
5172	1
5173	3
5174	4
5175	2
5176	2
5177	3
5178	4
5179	1
5180	4
5181	1
5182	3
5183	1
5184	4
5185	4
5186	4
5187	2
5188	1
5189	1
5190	2
5191	2
5192	1
5193	1
5194	3
5195	1
5196	1
5197	2
5198	2
5199	2
5200	1
5201	4
5202	1
5203	3
5204	2
5205	1
5206	1
5207	4
5208	1
5209	1
5210	4
5211	1
5212	1
5213	2
5214	1
5215	1
5216	2
5217	1
5218	2
5219	3
5220	3
5221	4
5222	2
5223	3
5224	4
5225	1
5226	4
5227	1
5228	2
5229	3
5230	3
5231	2
5232	4
5233	1
5234	1
5235	2
5236	2
5237	3
5238	2
5239	2
5240	1
5241	2
5242	2
5243	1
5244	3
5245	2
5246	1
5247	3
5248	2
5249	2
5250	1
5251	4
5252	4
5253	1
5254	3
5255	1
5256	3
5257	2
5258	2
5259	1
5260	3
5261	2
5262	4
5263	1
5264	1
5265	1
5266	1
5267	3
5268	4
5269	4
5270	3
5271	1
5272	2
5273	2
5274	2
5275	1
5276	2
5277	1
5278	1
5279	1
5280	3
5281	1
5282	1
5283	1
5284	1
5285	2
5286	4
5287	1
5288	2
5289	1
5290	2
5291	1
5292	1
5293	1
5294	2
5295	2
5296	2
5297	1
5298	2
5299	1
5300	1
5301	2
5302	1
5303	1
5304	4
5305	4
5306	4
5307	1
5308	2
5309	1
5310	2
5311	1
5312	1
5313	1
5314	4
5315	1
5316	4
5317	1
5318	2
5319	3
5320	3
5321	4
5322	2
5323	4
5324	1
5325	1
5326	2
5327	2
5328	2
5329	1
5330	3
5331	1
5332	1
5333	3
5334	1
5335	1
5336	1
5337	1
5338	1
5339	2
5340	3
5341	2
5342	2
5343	1
5344	2
5345	2
5346	2
5347	2
5348	1
5349	2
5350	4
5351	4
5352	4
5353	1
5354	1
5355	1
5356	2
5357	1
5358	2
5359	1
5360	2
5361	1
5362	4
5363	2
5364	1
5365	1
5366	1
5367	3
5368	1
5369	2
5370	1
5371	1
5372	1
5373	2
5374	1
5375	1
5376	3
5377	1
5378	1
5379	1
5380	3
5381	2
5382	2
5383	2
5384	1
5385	1
5386	1
5387	3
5388	4
5389	2
5390	4
5391	2
5392	4
5393	2
5394	1
5395	1
5396	1
5397	1
5398	1
5399	1
5400	4
5401	1
5402	2
5403	4
5404	1
5405	3
5406	1
5407	1
5408	2
5409	2
5410	2
5411	1
5412	4
5413	1
5414	2
5415	1
5416	2
5417	4
5418	1
5419	1
5420	4
5421	1
5422	1
5423	1
5424	2
5425	3
5426	1
5427	1
5428	1
5429	1
5430	1
5431	1
5432	1
5433	3
5434	3
5435	4
5436	1
5437	2
5438	1
5439	1
5440	1
5441	1
5442	4
5443	1
5444	1
5445	3
5446	2
5447	1
5448	3
5449	3
5450	4
5451	2
5452	4
5453	2
5454	2
5455	1
5456	4
5457	2
5458	1
5459	3
5460	2
5461	3
5462	1
5463	2
5464	2
5465	1
5466	1
5467	4
5468	4
5469	2
5470	1
5471	3
5472	2
5473	4
5474	1
5475	2
5476	1
5477	4
5478	1
5479	1
5480	2
5481	4
5482	2
5483	3
5484	2
5485	1
5486	2
5487	4
5488	2
5489	4
5490	1
5491	1
5492	2
5493	1
5494	1
5495	3
5496	4
5497	2
5498	2
5499	3
5500	4
5501	1
5502	4
5503	1
5504	3
5505	1
5506	4
5507	4
5508	4
5509	2
5510	1
5511	1
5512	2
5513	2
5514	1
5515	1
5516	3
5517	1
5518	1
5519	2
5520	2
5521	2
5522	1
5523	4
5524	1
5525	3
5526	2
5527	1
5528	1
5529	4
5530	1
5531	1
5532	4
5533	1
5534	1
5535	2
5536	1
5537	1
5538	2
5539	1
5540	2
5541	3
5542	3
5543	4
5544	2
5545	3
5546	4
5547	1
5548	4
5549	1
5550	2
5551	3
5552	3
5553	2
5554	4
5555	1
5556	1
5557	2
5558	2
5559	3
5560	2
5561	2
5562	1
5563	2
5564	2
5565	1
5566	3
5567	2
5568	1
5569	3
5570	2
5571	2
5572	1
5573	4
5574	4
5575	1
5576	3
5577	1
5578	3
5579	2
5580	2
5581	1
5582	3
5583	2
5584	4
5585	1
5586	1
5587	1
5588	1
5589	3
5590	4
5591	4
5592	3
5593	1
5594	2
5595	2
5596	2
5597	1
5598	2
5599	1
5600	1
5601	1
5602	3
5603	1
5604	1
5605	1
5606	1
5607	2
5608	4
5609	1
5610	2
5611	1
5612	2
5613	1
5614	1
5615	1
5616	2
5617	2
5618	2
5619	1
5620	2
5621	1
5622	1
5623	2
5624	1
5625	1
5626	4
5627	4
5628	4
5629	1
5630	2
5631	1
5632	2
5633	1
5634	1
5635	1
5636	4
5637	1
5638	4
5639	1
5640	2
5641	3
5642	3
5643	4
5644	2
5645	4
5646	1
5647	1
5648	2
5649	2
5650	2
5651	1
5652	3
5653	1
5654	1
5655	3
5656	1
5657	1
5658	1
5659	1
5660	1
5661	2
5662	3
5663	2
5664	2
5665	1
5666	2
5667	2
5668	2
5669	2
5670	1
5671	2
5672	4
5673	4
5674	4
5675	1
5676	1
5677	1
5678	2
5679	1
5680	2
5681	1
5682	2
5683	1
5684	4
5685	2
5686	1
5687	1
5688	1
5689	3
5690	1
5691	2
5692	1
5693	1
5694	1
5695	2
5696	1
5697	1
5698	3
5699	1
5700	1
5701	1
5702	3
5703	2
5704	2
5705	2
5706	1
5707	1
5708	1
5709	3
5710	4
5711	2
5712	4
5713	2
5714	4
5715	2
5716	1
5717	1
5718	1
5719	1
5720	1
5721	1
5722	4
5723	1
5724	2
5725	4
5726	1
5727	3
5728	1
5729	1
5730	2
5731	2
5732	2
5733	1
5734	4
5735	1
5736	2
5737	1
5738	2
5739	4
5740	1
5741	1
5742	4
5743	1
5744	1
5745	1
5746	2
5747	3
5748	1
5749	1
5750	1
5751	1
5752	1
5753	1
5754	1
5755	3
5756	3
5757	4
5758	1
5759	2
5760	1
5761	1
5762	1
5763	1
5764	4
5765	1
5766	1
5767	3
5768	2
5769	1
5770	3
5771	3
5772	4
5773	2
5774	4
5775	2
5776	2
5777	1
5778	4
5779	2
5780	1
5781	3
5782	2
5783	3
5784	1
5785	2
5786	2
5787	1
5788	1
5789	4
5790	4
5791	2
5792	1
5793	3
5794	2
5795	4
5796	1
5797	2
5798	1
5799	4
5800	1
5801	1
5802	2
5803	4
5804	2
5805	3
5806	2
5807	1
5808	2
5809	4
5810	2
5811	4
5812	1
5813	1
5814	2
5815	1
5816	1
5817	3
5818	4
5819	2
5820	2
5821	3
5822	4
5823	1
5824	4
5825	1
5826	3
5827	1
5828	4
5829	4
5830	4
5831	2
5832	1
5833	1
5834	2
5835	2
5836	1
5837	1
5838	3
5839	1
5840	1
5841	2
5842	2
5843	2
5844	1
5845	4
5846	1
5847	3
5848	2
5849	1
5850	1
5851	4
5852	1
5853	1
5854	4
5855	1
5856	1
5857	2
5858	1
5859	1
5860	2
5861	1
5862	2
5863	3
5864	3
5865	4
5866	2
5867	3
5868	4
5869	1
5870	4
5871	1
5872	2
5873	3
5874	3
5875	2
5876	4
5877	1
5878	1
5879	2
5880	2
5881	3
5882	2
5883	2
5884	1
5885	2
5886	2
5887	1
5888	3
5889	2
5890	1
5891	3
5892	2
5893	2
5894	1
5895	4
5896	4
5897	1
5898	3
5899	1
5900	3
5901	2
5902	2
5903	1
5904	3
5905	2
5906	4
5907	1
5908	1
5909	1
5910	1
5911	3
5912	4
5913	4
5914	3
5915	1
5916	2
5917	2
5918	2
5919	1
5920	2
5921	1
5922	1
5923	1
5924	3
5925	1
5926	1
5927	1
5928	1
5929	2
5930	4
5931	1
5932	2
5933	1
5934	2
5935	1
5936	1
5937	1
5938	2
5939	2
5940	2
5941	1
5942	2
5943	1
5944	1
5945	2
5946	1
5947	1
5948	4
5949	4
5950	4
5951	1
5952	2
5953	1
5954	2
5955	1
5956	1
5957	1
5958	4
5959	1
5960	4
5961	1
5962	2
5963	3
5964	3
5965	4
5966	2
5967	4
5968	1
5969	1
5970	2
5971	2
5972	2
5973	1
5974	3
5975	1
5976	1
5977	3
5978	1
5979	1
5980	1
5981	1
5982	1
5983	2
5984	3
5985	2
5986	2
5987	1
5988	2
5989	2
5990	2
5991	2
5992	1
5993	2
5994	4
5995	4
5996	4
5997	1
5998	1
5999	1
6000	2
6001	1
6002	2
6003	1
6004	2
6005	1
6006	4
6007	2
6008	1
6009	1
6010	1
6011	3
6012	1
6013	2
6014	1
6015	1
6016	1
6017	2
6018	1
6019	1
6020	3
6021	1
6022	1
6023	1
6024	3
6025	2
6026	2
6027	2
6028	1
6029	1
6030	1
6031	3
6032	4
6033	2
6034	4
6035	2
6036	4
6037	2
6038	1
6039	1
6040	1
6041	1
6042	1
6043	1
6044	4
6045	1
6046	2
6047	4
6048	1
6049	3
6050	1
6051	1
6052	2
6053	2
6054	2
6055	1
6056	4
6057	1
6058	2
6059	1
6060	2
6061	4
6062	1
6063	1
6064	4
6065	1
6066	1
6067	1
6068	2
6069	3
6070	1
6071	1
6072	1
6073	1
6074	1
6075	1
6076	1
6077	3
6078	3
6079	4
6080	1
6081	2
6082	1
6083	1
6084	1
6085	1
6086	4
6087	1
6088	1
6089	3
6090	2
6091	1
6092	3
6093	3
6094	4
6095	2
6096	4
6097	2
6098	2
6099	1
6100	4
6101	2
6102	1
6103	3
6104	2
6105	3
6106	1
6107	2
6108	2
6109	1
6110	1
6111	4
6112	4
6113	2
6114	1
6115	3
6116	2
6117	4
6118	1
